datetime;Accelerometer1RMS;Accelerometer2RMS;Current;Pressure;Temperature;Thermocouple;Voltage;Volume Flow RateRMS;anomaly;changepoint
2020-03-01 16:28:16;0.0809684;0.132892;2.07854;0.054711;88.8333;22.0874;248.524;75.0;0.0;0.0
2020-03-01 16:28:17;0.0807209;0.137438;0.983799;0.710565;88.9111;22.0892;226.593;75.9813;0.0;0.0
2020-03-01 16:28:18;0.0814001;0.128858;1.66663;0.054711;88.8676;22.093;216.814;75.0;0.0;0.0
2020-03-01 16:28:19;0.0807549;0.135728;1.09053;0.382638;88.8907;22.0862;230.363;75.0189;0.0;0.0
2020-03-01 16:28:20;0.0803944;0.132174;1.19995;0.382638;88.9437;22.0903;251.789;75.9813;0.0;0.0
2020-03-01 16:28:21;0.081031;0.133189;1.92474;0.054711;88.8887;22.0842;237.823;75.0;0.0;0.0
2020-03-01 16:28:22;0.0810765;0.135888;1.1526;0.382638;88.6363;22.086;244.818;75.0;0.0;0.0
2020-03-01 16:28:23;0.0809347;0.130585;0.905878;-0.273216;88.6354;22.0818;215.866;75.0189;0.0;0.0
2020-03-01 16:28:24;0.080695;0.134996;1.91867;-0.273216;88.8926;22.0803;240.69;76.0;0.0;0.0
2020-03-01 16:28:25;0.0817192;0.131007;1.82777;0.054711;88.8231;22.0687;224.911;76.0;0.0;0.0
2020-03-01 16:28:26;0.080109;0.135279;0.991046;0.382638;88.7715;22.0835;228.808;75.9813;0.0;0.0
2020-03-01 16:28:27;0.0820927;0.133359;1.68174;0.054711;88.7046;22.0871;217.504;75.0;0.0;0.0
2020-03-01 16:28:28;0.0813105;0.131791;1.07474;-0.273216;88.7;22.0811;206.569;75.0;0.0;0.0
2020-03-01 16:28:29;0.0800972;0.134821;2.09081;0.382638;88.6371;22.0873;237.751;75.0189;0.0;0.0
2020-03-01 16:28:30;0.0811704;0.130513;1.12725;0.054711;88.6956;22.0915;209.119;76.0;0.0;0.0
2020-03-01 16:28:31;0.0801936;0.136987;1.18238;0.054711;88.5736;22.0851;226.377;75.9813;0.0;0.0
2020-03-01 16:28:32;0.0812224;0.132668;2.10927;0.054711;88.6664;22.0805;232.775;75.0189;0.0;0.0
2020-03-01 16:28:33;0.0814729;0.131823;1.1801;0.054711;88.5772;22.0916;228.424;75.9813;0.0;0.0
2020-03-01 16:28:34;0.0801659;0.136016;2.20308;0.054711;88.5999;22.0899;251.368;75.0;0.0;0.0
2020-03-01 16:28:35;0.081778;0.1291;2.21819;0.054711;88.6441;22.0722;239.368;75.0;0.0;0.0
2020-03-01 16:28:36;0.0806386;0.137435;1.88792;0.054711;88.7828;22.0877;229.196;75.0189;0.0;0.0
2020-03-01 16:28:37;0.0809803;0.132403;2.18586;0.054711;88.5993;22.0808;250.92;75.9813;0.0;0.0
2020-03-01 16:28:38;0.0810016;0.132234;1.37543;-0.273216;88.7473;22.0783;235.687;75.0189;0.0;0.0
2020-03-01 16:28:40;0.0802319;0.135009;1.70246;0.054711;88.5554;22.0848;204.509;75.0189;0.0;0.0
2020-03-01 16:28:41;0.0807201;0.136968;2.18614;0.382638;88.8971;22.0813;230.649;75.9813;0.0;0.0
2020-03-01 16:28:42;0.0812831;0.131039;1.96727;0.382638;89.016;22.0766;232.883;75.0189;0.0;0.0
2020-03-01 16:28:43;0.0805046;0.13496;1.79959;0.054711;88.874;22.0769;225.825;76.0;0.0;0.0
2020-03-01 16:28:44;0.0812913;0.132825;1.52757;-0.273216;89.1211;22.0749;220.905;75.9813;0.0;0.0
2020-03-01 16:28:45;0.0810401;0.13194;1.39053;0.054711;88.7179;22.0735;218.091;75.0189;0.0;0.0
2020-03-01 16:28:46;0.0799845;0.136528;0.965702;0.054711;89.0628;22.079;220.925;75.9813;0.0;0.0
2020-03-01 16:28:47;0.0815354;0.129451;1.42133;0.054711;88.809;22.0813;207.273;75.0189;0.0;0.0
2020-03-01 16:28:48;0.0802575;0.136388;1.85384;0.054711;89.0289;22.0756;237.324;75.9813;0.0;0.0
2020-03-01 16:28:49;0.0811274;0.131191;1.41986;0.054711;89.0561;22.0868;240.398;74.9813;0.0;0.0
2020-03-01 16:28:50;0.0813109;0.130639;1.81317;0.382638;88.8858;22.0758;217.823;74.0189;0.0;0.0
2020-03-01 16:28:51;0.0805508;0.136079;1.14729;-0.273216;89.0845;22.0827;225.367;75.0;0.0;0.0
2020-03-01 16:28:52;0.0815845;0.128408;0.648619;0.054711;88.9849;22.0804;209.217;75.0;0.0;0.0
2020-03-01 16:28:53;0.0806317;0.135289;0.686722;-0.273216;89.1008;22.0771;207.484;74.9813;0.0;0.0
2020-03-01 16:28:54;0.0815507;0.131412;1.04295;0.382638;88.9293;22.0757;215.139;74.0189;0.0;0.0
2020-03-01 16:28:55;0.0807301;0.133055;1.58388;0.054711;88.923;22.0939;232.174;75.0;0.0;0.0
2020-03-01 16:28:56;0.0813852;0.135055;1.75467;0.054711;88.5358;22.0939;227.812;75.0189;0.0;0.0
2020-03-01 16:28:57;0.0810947;0.130528;1.00754;0.382638;88.8569;22.0752;223.753;75.9813;0.0;0.0
2020-03-01 16:28:58;0.0804462;0.134576;0.880192;0.382638;88.8944;22.0831;217.545;75.0189;0.0;0.0
2020-03-01 16:28:59;0.0822415;0.129831;1.71151;0.054711;88.9382;22.0813;244.365;75.9813;0.0;0.0
2020-03-01 16:29:00;0.0806039;0.134944;1.69466;-0.273216;89.0223;22.08;235.799;75.0;0.0;0.0
2020-03-01 16:29:01;0.0811294;0.134101;1.63851;0.382638;88.7808;22.0875;219.266;75.0;0.0;0.0
2020-03-01 16:29:02;0.0815355;0.129432;1.24484;0.382638;89.0067;22.0772;249.807;75.0;0.0;0.0
2020-03-01 16:29:04;0.0821332;0.13018;1.01953;0.054711;89.0296;22.0808;229.072;75.0;0.0;0.0
2020-03-01 16:29:05;0.0805225;0.134516;1.33573;0.054711;88.9184;22.0812;220.868;75.0189;0.0;0.0
2020-03-01 16:29:06;0.0809394;0.134582;1.61058;0.054711;89.0667;22.0838;240.405;75.9813;0.0;0.0
2020-03-01 16:29:07;0.081679;0.12963;1.4486;-0.273216;88.9844;22.0729;229.876;75.0;0.0;0.0
2020-03-01 16:29:08;0.0801936;0.135514;1.53625;0.054711;88.9701;22.0765;245.676;75.0189;0.0;0.0
2020-03-01 16:29:09;0.0818454;0.130579;1.15598;0.054711;88.9287;22.0784;222.368;76.0;0.0;0.0
2020-03-01 16:29:10;0.0806661;0.133359;1.32118;-0.273216;88.911;22.0671;231.119;75.9813;0.0;0.0
2020-03-01 16:29:11;0.0808142;0.133938;1.46924;0.382638;89.0448;22.0827;222.563;75.0;0.0;0.0
2020-03-01 16:29:12;0.0811597;0.130669;1.74159;0.054711;88.919;22.0775;218.238;75.0;0.0;0.0
2020-03-01 16:29:13;0.0802252;0.134759;1.09415;0.054711;89.0341;22.0712;218.844;75.0189;0.0;0.0
2020-03-01 16:29:14;0.0820575;0.131315;1.91311;0.054711;88.8465;22.0712;236.28;75.9813;0.0;0.0
2020-03-01 16:29:15;0.080435;0.133762;1.6773;0.054711;89.0336;22.0736;231.438;75.0189;0.0;0.0
2020-03-01 16:29:16;0.0812494;0.132157;1.49222;0.054711;88.9944;22.0716;225.285;75.9813;0.0;0.0
2020-03-01 16:29:17;0.0814643;0.130726;1.54175;-0.273216;88.8747;22.0767;229.837;74.9813;0.0;0.0
2020-03-01 16:29:18;0.0799365;0.135029;1.65136;0.054711;89.0745;22.0771;228.926;74.0381;0.0;0.0
2020-03-01 16:29:19;0.0823348;0.131562;1.77367;-0.273216;89.0241;22.0672;230.431;75.9813;0.0;0.0
2020-03-01 16:29:20;0.0806519;0.136114;1.85301;0.054711;89.0605;22.0832;241.757;75.0189;0.0;0.0
2020-03-01 16:29:21;0.0808742;0.13218;2.08436;0.054711;89.0205;22.072;252.274;75.9813;0.0;0.0
2020-03-01 16:29:22;0.0815609;0.130838;2.23942;0.054711;88.9188;22.0739;249.51;75.0;0.0;0.0
2020-03-01 16:29:23;0.0802485;0.135598;1.57753;0.054711;89.151;22.0744;228.733;75.0;0.0;0.0
2020-03-01 16:29:24;0.0821804;0.130033;1.77497;-0.273216;88.912;22.0696;226.642;75.0;0.0;0.0
2020-03-01 16:29:25;0.0805628;0.135494;2.10875;0.054711;89.0665;22.0686;251.493;75.0189;0.0;0.0
2020-03-01 16:29:26;0.0808352;0.131527;2.14961;0.054711;89.0034;22.0716;253.298;75.9813;0.0;0.0
2020-03-01 16:29:27;0.0816081;0.131235;1.68385;0.054711;89.0072;22.0695;235.423;75.0189;0.0;0.0
2020-03-01 16:29:29;0.0818003;0.130924;1.83578;0.054711;88.9465;22.069;227.231;75.9813;0.0;0.0
2020-03-01 16:29:30;0.0805155;0.137075;1.79219;0.054711;88.9659;22.0747;223.947;75.0189;0.0;0.0
2020-03-01 16:29:31;0.0808049;0.130484;2.15244;0.054711;88.9786;22.0747;247.279;75.9813;0.0;0.0
2020-03-01 16:29:32;0.0808217;0.132494;1.89301;0.054711;88.9452;22.0744;231.004;75.0;0.0;0.0
2020-03-01 16:29:33;0.0810904;0.133847;0.998545;0.054711;88.7957;22.0684;232.689;75.0189;0.0;0.0
2020-03-01 16:29:34;0.0818322;0.130978;1.76573;0.054711;88.3657;22.0709;218.593;75.9813;0.0;0.0
2020-03-01 16:29:35;0.0807899;0.136454;1.91269;0.054711;88.7681;22.0789;243.528;75.0189;0.0;0.0
2020-03-01 16:29:36;0.0813142;0.130435;1.89063;0.382638;88.8929;22.0774;229.648;76.0;0.0;0.0
2020-03-01 16:29:37;0.0805162;0.136287;1.80661;-0.273216;88.5348;22.0776;226.135;75.9813;0.0;0.0
2020-03-01 16:29:38;0.0821592;0.132128;1.7832;-0.273216;88.4742;22.0763;234.691;75.0381;0.0;0.0
2020-03-01 16:29:39;0.0811662;0.133698;1.84258;0.054711;88.3075;22.0727;230.558;76.9629;0.0;0.0
2020-03-01 16:29:40;0.0805933;0.134635;1.97199;0.054711;88.6791;22.0868;227.062;75.0189;0.0;0.0
2020-03-01 16:29:41;0.0815773;0.129656;1.7497;0.054711;88.457;22.0704;239.392;75.9813;0.0;0.0
2020-03-01 16:29:42;0.0802488;0.13649;1.79508;0.054711;88.3431;22.0799;230.112;75.0;0.0;0.0
2020-03-01 16:29:43;0.0825043;0.131857;1.85921;-0.273216;88.3145;22.0846;230.199;75.0189;0.0;0.0
2020-03-01 16:29:44;0.0811356;0.134127;1.8635;0.382638;88.4417;22.0771;231.205;76.0;0.0;0.0
2020-03-01 16:29:45;0.0806616;0.133901;1.68076;-0.273216;88.2388;22.0897;232.396;76.0;0.0;0.0
2020-03-01 16:29:46;0.0818928;0.128874;0.973693;0.054711;88.3499;22.0686;222.466;75.9813;0.0;0.0
2020-03-01 16:29:47;0.0801114;0.136899;1.73483;0.054711;88.3612;22.0762;237.312;75.0189;0.0;0.0
2020-03-01 16:29:48;0.0823601;0.131237;1.78469;-0.273216;88.3688;22.0778;226.322;76.0;0.0;0.0
2020-03-01 16:29:49;0.0809046;0.132902;1.87986;0.382638;88.3796;22.0876;230.354;75.9813;0.0;0.0
2020-03-01 16:29:50;0.0804644;0.133131;1.22029;0.054711;88.3929;22.0835;252.859;75.0;0.0;0.0
2020-03-01 16:29:52;0.081978;0.136416;1.74438;0.054711;88.2249;22.0798;233.926;76.0;0.0;0.0
2020-03-01 16:29:53;0.0823803;0.131631;1.705;0.054711;88.3072;22.0792;222.278;75.9813;0.0;0.0
2020-03-01 16:29:54;0.0806724;0.134345;1.19034;-0.601143;88.3644;22.0829;216.039;75.0381;0.0;0.0
2020-03-01 16:29:55;0.0805903;0.133038;1.88368;-0.273216;88.3725;22.0711;230.755;76.9813;0.0;0.0
2020-03-01 16:29:56;0.0819901;0.130823;1.09375;0.054711;88.316;22.067;232.96;76.0;0.0;0.0
2020-03-01 16:29:57;0.0802613;0.136635;1.76332;0.054711;88.3397;22.067;237.687;75.9811;0.0;0.0
2020-03-01 16:29:58;0.0819971;0.130343;1.145;0.054711;88.235;22.0683;225.375;75.0;0.0;0.0
2020-03-01 16:29:59;0.0805339;0.134949;0.713815;0.054711;88.4812;22.0765;216.17;75.0;0.0;0.0
2020-03-01 16:30:00;0.0811257;0.131948;1.01102;0.382638;88.3156;22.0726;233.174;75.0192;0.0;0.0
2020-03-01 16:30:01;0.0815932;0.132412;1.96146;0.382638;88.359;22.0726;232.266;75.9811;0.0;0.0
2020-03-01 16:30:02;0.0809437;0.135414;1.94042;-0.273216;88.4495;22.0771;238.384;75.0;0.0;0.0
2020-03-01 16:30:03;0.0817562;0.129761;1.63445;0.054711;88.2395;22.0691;231.964;75.0192;0.0;0.0
2020-03-01 16:34:10;0.0815763;0.131967;2.32633;0.054711;86.6544;22.0971;252.483;76.0;1.0;1.0
2020-03-01 16:34:11;0.0817064;0.128341;1.29312;0.054711;86.8079;22.095;231.027;76.0;1.0;0.0
2020-03-01 16:34:12;0.0807025;0.133087;1.47875;0.382638;86.7096;22.0987;247.177;76.0;1.0;0.0
2020-03-01 16:34:13;0.0809415;0.129731;2.06605;0.054711;86.6393;22.093;239.414;76.0;1.0;0.0
2020-03-01 16:34:14;0.0817687;0.128095;1.48891;0.054711;86.7515;22.0903;228.711;76.0;1.0;0.0
2020-03-01 16:34:15;0.0800014;0.134492;1.91633;0.054711;86.7163;22.095;243.606;76.0;1.0;0.0
2020-03-01 16:34:17;0.0824325;0.128802;1.21566;-0.273216;86.5814;22.0863;229.512;76.0;1.0;0.0
2020-03-01 16:34:18;0.0797211;0.130901;1.95647;-0.273216;86.8484;22.0863;237.716;76.0192;1.0;0.0
2020-03-01 16:34:19;0.0767831;0.129249;1.96195;-0.273216;86.6529;22.0984;231.999;75.0192;1.0;0.0
2020-03-01 16:34:20;0.0761477;0.133084;1.7408;-0.273216;86.8171;22.0834;225.459;76.0;1.0;0.0
2020-03-01 16:34:21;0.0771072;0.132125;1.13307;0.382638;86.9203;22.0914;233.964;76.0;1.0;0.0
2020-03-01 16:34:22;0.0772608;0.130056;1.81721;0.054711;86.739;22.0795;232.224;76.0;1.0;0.0
2020-03-01 16:34:23;0.0765304;0.13332;1.88264;0.054711;86.6334;22.0836;216.91;76.0;1.0;0.0
2020-03-01 16:34:24;0.0773386;0.128269;1.65974;0.054711;86.6089;22.0882;232.298;76.0;1.0;0.0
2020-03-01 16:34:25;0.0774778;0.131017;1.7217;0.382638;87.1744;22.0826;238.5;76.0;1.0;0.0
2020-03-01 16:34:26;0.0761727;0.135181;1.9987;0.382638;86.7636;22.0826;227.291;76.0;1.0;0.0
2020-03-01 16:34:27;0.077527;0.129678;2.19591;-0.273216;87.0647;22.0772;253.179;76.0;1.0;0.0
2020-03-01 16:34:28;0.0768165;0.134225;2.0258;0.054711;87.0924;22.0902;233.319;76.0192;1.0;0.0
2020-03-01 16:34:29;0.0776995;0.129472;1.81889;0.054711;86.6343;22.0755;221.481;76.9811;1.0;0.0
2020-03-01 16:34:30;0.0776658;0.130241;1.92902;-0.601143;86.681;22.0682;237.079;76.0;1.0;0.0
2020-03-01 16:34:31;0.0771095;0.133861;1.8269;-0.273216;87.004;22.0823;221.032;76.0;1.0;0.0
2020-03-01 16:34:32;0.0786795;0.128862;1.97242;0.382638;87.1469;22.0954;239.653;76.0;1.0;0.0
2020-03-01 16:34:33;0.0771416;0.13148;1.32158;0.382638;87.2804;22.0998;245.157;76.0;1.0;0.0
2020-03-01 16:34:34;0.0781059;0.130273;2.11167;0.054711;87.1432;22.0998;240.878;76.0;1.0;0.0
2020-03-01 16:34:35;0.0782929;0.129971;1.21187;0.382638;87.106;22.1002;230.933;76.0192;1.0;0.0
2020-03-01 16:34:36;0.0775464;0.135346;1.14245;0.054711;87.0978;22.1;225.655;77.0;1.0;0.0
2020-03-01 16:34:37;0.0788778;0.130916;1.96011;0.382638;87.0517;22.0994;228.364;76.9811;1.0;0.0
2020-03-01 16:34:38;0.0773873;0.130546;1.76233;0.054711;87.0175;22.1023;219.943;76.0;1.0;0.0
2020-03-01 16:34:40;0.077463;0.130865;1.58111;0.054711;86.7871;22.1055;229.3;76.0;1.0;0.0
2020-03-01 16:34:41;0.0784329;0.129179;1.87931;-0.273216;87.0939;22.1005;243.536;76.0;1.0;0.0
2020-03-01 16:34:42;0.0788735;0.130859;0.648422;-0.273216;87.1668;22.1005;219.533;76.0;1.0;0.0
2020-03-01 16:34:43;0.0777244;0.129992;1.56279;0.382638;87.03;22.0976;253.471;76.0;1.0;0.0
2020-03-01 16:34:44;0.077633;0.131977;1.85563;-0.273216;87.1242;22.103;243.683;76.0;1.0;0.0
2020-03-01 16:34:45;0.0779474;0.128492;0.635127;0.054711;87.1356;22.0885;207.603;76.0;1.0;0.0
2020-03-01 16:34:46;0.0771778;0.1353;1.31389;0.382638;87.084;22.105;213.242;76.0;1.0;0.0
2020-03-01 16:34:47;0.077056;0.131599;1.38997;0.054711;87.0279;22.1076;215.368;76.0;1.0;0.0
2020-03-01 16:34:48;0.0766035;0.129551;1.18284;-0.273216;87.0037;22.1017;226.563;75.9811;1.0;0.0
2020-03-01 16:34:49;0.0756635;0.133233;0.626587;0.054711;87.0352;22.1054;214.18;75.0;1.0;0.0
2020-03-01 16:34:50;0.0767975;0.12708;1.29362;0.054711;87.0487;22.1054;239.407;75.0;1.0;0.0
2020-03-01 16:34:51;0.0759054;0.134253;1.17799;0.054711;87.0802;22.1078;205.886;75.0192;1.0;0.0
2020-03-01 16:34:52;0.0770201;0.133446;1.43462;0.382638;87.0254;22.0986;228.97;75.9811;1.0;1.0
2020-03-01 16:34:53;0.0764447;0.129204;1.26226;0.054711;87.1589;22.1043;249.953;74.9811;1.0;0.0
2020-03-01 16:34:54;0.0767103;0.131624;1.19211;-0.273216;87.0591;22.1159;243.306;74.0192;1.0;0.0
2020-03-01 16:34:55;0.0763354;0.130938;1.91446;0.054711;87.0538;22.0948;238.474;75.0;1.0;0.0
2020-03-01 16:34:56;0.0771758;0.127956;1.63924;-0.273216;87.0992;22.1088;234.55;74.9811;1.0;0.0
2020-03-01 16:34:57;0.0770958;0.135637;1.00977;-0.273216;87.2119;22.1088;228.055;73.9811;1.0;0.0
2020-03-01 16:34:58;0.08024;0.129934;1.24438;0.382638;87.3116;22.0931;231.73;73.0386;1.0;0.0
2020-03-01 16:34:59;0.0798779;0.129533;1.95913;0.382638;87.1278;22.1005;234.456;74.9624;1.0;0.0
2020-03-01 16:35:01;0.0795075;0.131513;1.70667;-0.273216;87.1334;22.1033;226.611;73.0192;1.0;0.0
2020-03-01 16:35:02;0.0796614;0.133838;2.12039;0.054711;87.1382;22.1085;241.919;73.9811;1.0;0.0
2020-03-01 16:35:03;0.0810523;0.131865;0.981651;0.382638;87.1724;22.1114;217.214;73.0192;1.0;0.0
2020-03-01 16:35:04;0.0801351;0.129051;1.01131;0.054711;87.1876;22.106;222.372;74.0;1.0;0.0
2020-03-01 16:35:05;0.0803771;0.133049;1.74284;-0.273216;87.3139;22.113;234.676;74.0;1.0;0.0
2020-03-01 16:35:06;0.0804797;0.128823;2.03032;-0.273216;87.2782;22.113;248.251;74.0;1.0;0.0
2020-03-01 16:35:07;0.0804303;0.130446;1.50056;0.054711;87.2658;22.1128;235.985;74.0;1.0;0.0
2020-03-01 16:35:08;0.0799853;0.135125;1.73473;0.382638;87.096;22.1128;219.879;74.0;1.0;0.0
2020-03-01 16:35:09;0.08083;0.128405;1.95397;0.054711;87.0407;22.1157;234.088;73.9811;1.0;0.0
2020-03-01 16:35:10;0.0803154;0.131856;1.83375;0.382638;87.24;22.1137;233.782;73.0192;1.0;0.0
2020-03-01 16:35:11;0.0802782;0.13135;0.931562;0.382638;87.0343;22.1108;204.455;74.0;1.0;0.0
2020-03-01 16:35:12;0.0807617;0.128603;1.79691;0.054711;87.1055;22.1161;230.425;73.9811;1.0;0.0
2020-03-01 16:35:13;0.0796235;0.133711;1.90294;0.054711;87.3189;22.1161;235.749;73.0386;1.0;0.0
2020-03-01 16:35:14;0.0805615;0.130374;1.88698;0.054711;87.1443;22.1136;223.573;74.9811;1.0;0.0
2020-03-01 16:35:15;0.0796742;0.129718;1.62358;0.054711;86.8787;22.1115;215.774;73.9811;1.0;0.0
2020-03-01 16:35:16;0.0799174;0.132479;1.64566;0.054711;87.23;22.1118;226.511;73.0192;1.0;0.0
2020-03-01 16:35:17;0.0799031;0.127658;1.73239;0.382638;87.1142;22.1093;231.514;74.0;1.0;0.0
2020-03-01 16:35:18;0.0805366;0.131096;1.89193;0.382638;87.1733;22.1154;208.012;74.0;1.0;0.0
2020-03-01 16:35:19;0.0798813;0.135001;1.15322;-0.273216;86.6041;22.1112;245.525;74.0;1.0;0.0
2020-03-01 16:35:20;0.0801442;0.127983;1.96608;-0.273216;87.3265;22.1112;236.017;74.0;1.0;0.0
2020-03-01 16:35:21;0.0802306;0.131449;2.15576;0.382638;86.6821;22.1131;241.438;74.0;1.0;0.0
2020-03-01 16:35:23;0.0795607;0.131065;1.12083;0.054711;86.647;22.1024;210.376;73.9811;1.0;0.0
2020-03-01 16:35:24;0.0796944;0.134364;1.84701;-0.601143;86.6423;22.1066;227.244;74.0;1.0;0.0
2020-03-01 16:35:25;0.0814449;0.130131;2.05046;0.054711;87.2948;22.1054;234.91;73.9811;1.0;0.0
2020-03-01 16:35:26;0.0810452;0.129271;2.05081;0.054711;86.7148;22.1065;232.926;73.0192;1.0;0.0
2020-03-01 16:35:27;0.0795294;0.131869;2.02985;0.054711;87.0066;22.1142;235.456;74.0;1.0;0.0
2020-03-01 16:35:28;0.0802896;0.128133;2.19806;0.054711;87.198;22.1015;249.199;73.9811;1.0;0.0
2020-03-01 16:35:29;0.0803512;0.129875;1.79615;0.054711;86.797;22.1015;229.561;73.0192;1.0;0.0
2020-03-01 16:35:30;0.0798023;0.134351;1.5896;-0.273216;86.8185;22.1111;226.698;73.9811;1.0;0.0
2020-03-01 16:35:31;0.0802627;0.128464;2.14959;0.382638;86.6638;22.1094;250.251;73.0;1.0;0.0
2020-03-01 16:35:32;0.0807996;0.129781;1.89808;0.382638;86.7046;22.1064;229.446;73.0192;1.0;0.0
2020-03-01 16:35:33;0.0792739;0.131694;1.91204;0.054711;86.6332;22.1161;227.675;73.9811;1.0;0.0
2020-03-01 16:35:34;0.0811496;0.127384;1.12809;0.054711;86.6833;22.1173;220.524;73.0192;1.0;0.0
2020-03-01 16:35:35;0.0792599;0.132579;1.01299;-0.273216;86.8173;22.1208;232.716;73.9811;1.0;0.0
2020-03-01 16:35:36;0.0808322;0.131092;1.76981;-0.273216;86.9805;22.1208;241.336;73.0192;1.0;0.0
2020-03-01 16:35:37;0.0806077;0.129048;1.0859;0.054711;86.6597;22.1278;233.29;74.0;1.0;0.0
2020-03-01 16:35:38;0.0799733;0.132936;1.23095;-0.273216;86.716;22.1253;235.731;73.9811;1.0;0.0
2020-03-01 16:35:39;0.0798188;0.130637;2.11549;-0.273216;86.6586;22.127;251.567;73.0192;1.0;0.0
2020-03-01 16:35:40;0.0805753;0.126991;1.94255;0.054711;86.7104;22.1154;205.516;74.0;1.0;0.0
2020-03-01 16:35:41;0.0802379;0.134933;1.73996;0.054711;86.7174;22.1226;237.538;73.9811;1.0;0.0
2020-03-01 16:35:42;0.0809466;0.129225;0.852354;0.054711;86.7091;22.1258;211.784;73.0192;1.0;0.0
2020-03-01 16:35:44;0.0811542;0.129829;1.13221;-0.273216;86.6887;22.1201;230.802;73.9811;1.0;0.0
2020-03-01 16:35:45;0.0791099;0.133808;1.69081;-0.273216;86.7564;22.1201;225.333;73.0192;1.0;0.0
2020-03-01 16:35:46;0.0801585;0.132868;1.68912;0.054711;86.7242;22.1309;224.34;73.9811;1.0;0.0
2020-03-01 16:35:47;0.0812453;0.133217;1.91886;0.054711;86.6696;22.1222;236.998;73.0192;1.0;0.0
2020-03-01 16:35:48;0.0812599;0.129173;1.05193;0.054711;86.8715;22.1262;233.116;74.0;1.0;0.0
2020-03-01 16:35:49;0.0805125;0.133069;1.65042;0.054711;86.9078;22.1153;226.016;74.0;1.0;0.0
2020-03-01 16:35:50;0.0804167;0.131361;1.62212;0.054711;86.7596;22.1192;232.575;74.0;1.0;0.0
2020-03-01 16:35:51;0.0809768;0.12875;2.22978;0.054711;86.7433;22.1331;253.446;73.9811;1.0;0.0
2020-03-01 16:35:52;0.0806838;0.135208;1.97178;0.054711;86.5534;22.1244;207.593;73.0192;1.0;0.0
2020-03-01 16:35:53;0.0809162;0.130394;2.22239;0.054711;86.6343;22.1244;251.012;74.0;1.0;0.0
2020-03-01 16:35:54;0.0810891;0.130478;1.57721;0.382638;86.7614;22.1274;221.28;74.0;1.0;0.0
2020-03-01 16:35:55;0.0804653;0.133047;1.64038;0.054711;86.7758;22.1229;236.994;74.0;1.0;0.0
2020-03-01 16:35:56;0.0815542;0.129748;1.85226;-0.273216;86.7391;22.134;239.493;73.9811;1.0;0.0
2020-03-01 16:35:57;0.0805653;0.133946;1.90808;0.054711;86.7457;22.1278;242.161;73.0192;1.0;0.0
2020-03-01 16:35:58;0.0809459;0.131088;1.27023;0.054711;86.8016;22.1264;227.937;74.0;1.0;0.0
2020-03-01 16:35:59;0.0808317;0.129332;1.18474;0.054711;86.806;22.1266;216.481;74.0;1.0;0.0
2020-03-01 16:36:00;0.0800214;0.133736;2.34874;0.054711;86.7739;22.1351;253.996;74.0;1.0;0.0
2020-03-01 16:36:01;0.0814414;0.130315;1.97739;-0.273216;86.785;22.1351;230.059;73.9811;1.0;0.0
2020-03-01 16:36:02;0.0798374;0.133705;1.87482;0.054711;86.8359;22.1287;239.996;73.0192;1.0;0.0
2020-03-01 16:36:04;0.0804951;0.131866;1.95189;0.382638;86.9474;22.1375;232.107;74.0;1.0;0.0
2020-03-01 16:36:05;0.0810124;0.129664;1.62754;0.054711;86.8043;22.1285;234.456;74.0;1.0;0.0
2020-03-01 16:36:06;0.0811533;0.12953;1.60905;0.382638;86.7279;22.1333;234.022;74.0;1.0;0.0
2020-03-01 16:36:07;0.0805321;0.132883;1.81264;0.382638;87.119;22.1357;228.635;74.0;1.0;0.0
2020-03-01 16:36:08;0.0809755;0.13387;1.29542;-0.273216;86.979;22.1324;234.59;74.0;1.0;0.0
2020-03-01 16:36:09;0.0813391;0.129026;1.91846;-0.273216;86.9832;22.1324;222.204;74.0;1.0;0.0
2020-03-01 16:36:10;0.0804557;0.134936;1.4142;0.054711;86.9206;22.1258;237.488;74.0;1.0;0.0
2020-03-01 16:36:11;0.0817775;0.129455;1.68106;0.054711;87.1456;22.1321;227.363;74.0;1.0;0.0
2020-03-01 16:36:12;0.0810023;0.132717;1.91972;-0.601143;86.9445;22.1357;244.586;74.0;1.0;0.0
2020-03-01 16:36:13;0.0809034;0.134403;1.94189;-0.273216;87.1058;22.1263;229.353;74.0;1.0;0.0
2020-03-01 16:36:14;0.0810161;0.128433;1.28354;-0.273216;86.9154;22.1266;225.63;74.0192;1.0;0.0
2020-03-01 16:36:15;0.0799521;0.135862;2.02364;0.054711;87.0766;22.134;237.558;74.9811;1.0;0.0
2020-03-01 16:36:16;0.0813107;0.130036;1.79441;0.054711;86.8878;22.1287;241.021;74.0;1.0;0.0
2020-03-01 16:36:17;0.0805242;0.130532;1.5648;0.054711;87.1909;22.1277;225.469;74.0192;1.0;0.0
2020-03-01 16:36:18;0.0799961;0.135524;1.73353;0.054711;87.2496;22.1277;227.425;74.9624;1.0;0.0
2020-03-01 16:36:19;0.0807504;0.128926;1.88995;0.382638;86.8436;22.1297;230.844;73.0192;1.0;0.0
2020-03-01 16:36:20;0.0805686;0.132153;1.13935;-0.273216;86.9677;22.1286;224.875;74.0;1.0;0.0
2020-03-01 16:36:21;0.0800763;0.132619;1.75667;0.054711;87.2441;22.127;219.534;74.0;1.0;0.0
2020-03-01 16:36:22;0.0812665;0.130016;1.70312;0.054711;87.2305;22.1255;227.46;74.0;1.0;0.0
2020-03-01 16:36:23;0.0805161;0.131707;1.75148;0.382638;87.3753;22.1291;229.308;74.0;1.0;0.0
2020-03-01 16:36:24;0.0801354;0.132182;1.16033;0.054711;87.3084;22.1274;238.868;74.0192;1.0;0.0
2020-03-01 16:36:26;0.0808611;0.128023;1.53197;0.054711;87.3092;22.1276;227.78;74.9811;1.0;0.0
2020-03-01 16:36:27;0.0792417;0.1353;1.68967;0.054711;87.2887;22.1276;239.296;74.0;1.0;0.0
2020-03-01 16:36:28;0.0807498;0.130438;1.81534;0.054711;87.2358;22.1229;231.185;74.0;1.0;0.0
2020-03-01 16:36:29;0.0805293;0.134169;1.2138;0.054711;87.266;22.1264;242.245;73.9811;1.0;0.0
2020-03-01 16:36:30;0.08031;0.129465;0.969292;0.054711;87.1375;22.1245;216.628;73.0192;1.0;0.0
2020-03-01 16:36:31;0.0807182;0.129126;1.79253;0.054711;87.2431;22.1229;220.151;74.0;1.0;0.0
2020-03-01 16:36:32;0.0795325;0.13375;1.79001;0.054711;87.2943;22.1314;214.621;73.9811;1.0;0.0
2020-03-01 16:36:33;0.0813502;0.128212;1.1489;0.054711;87.4379;22.1314;226.332;73.0192;1.0;0.0
2020-03-01 16:36:34;0.0804923;0.131523;1.86287;-0.273216;87.3092;22.1293;232.653;74.0;1.0;0.0
2020-03-01 16:36:35;0.0799564;0.131366;1.9289;-0.273216;87.435;22.1268;237.303;74.0;1.0;0.0
2020-03-01 16:36:36;0.0790233;0.126285;1.2257;0.054711;87.4753;22.1132;253.494;73.9811;1.0;0.0
2020-03-01 16:36:37;0.0793416;0.125451;1.02129;0.382638;87.3569;22.1325;224.412;73.0;1.0;0.0
2020-03-01 16:36:38;0.0797105;0.126375;0.928714;0.382638;87.42;22.1351;209.594;73.0;1.0;0.0
2020-03-01 16:36:39;0.0801276;0.126179;1.16161;0.054711;87.4194;22.1313;247.604;73.0192;1.0;0.0
2020-03-01 16:36:40;0.0793355;0.130761;1.20155;0.054711;87.4325;22.1278;251.314;73.9811;1.0;0.0
2020-03-01 16:36:41;0.0798506;0.129045;1.08662;0.710565;87.3944;22.1163;233.481;73.0;1.0;0.0
2020-03-01 16:36:42;0.0802879;0.126586;1.76748;0.054711;87.3535;22.1229;225.008;73.0;1.0;0.0
2020-03-01 16:36:43;0.0805333;0.127224;1.20493;0.054711;87.2752;22.1229;253.336;73.0192;1.0;0.0
2020-03-01 16:36:44;0.0798933;0.129071;1.19296;-0.273216;87.3232;22.1273;242.335;73.9811;1.0;0.0
2020-03-01 16:36:45;0.0793511;0.129875;1.86036;-0.273216;87.5637;22.1249;232.907;73.0192;1.0;0.0
2020-03-01 16:36:46;0.0794195;0.128063;1.67539;-0.273216;87.3748;22.1142;231.074;74.0;1.0;0.0
2020-03-01 16:36:47;0.0803357;0.127117;1.07698;0.054711;87.4902;22.1155;230.902;73.9811;1.0;0.0
2020-03-01 16:36:48;0.0801839;0.130259;1.79726;0.054711;87.5036;22.1198;233.377;73.0192;1.0;0.0
2020-03-01 16:36:49;0.0786339;0.132887;1.4917;0.054711;87.3231;22.11;232.615;73.9811;1.0;0.0
2020-03-01 16:36:51;0.0803844;0.129289;1.73846;0.054711;87.5647;22.1155;237.874;73.0;1.0;0.0
2020-03-01 16:36:52;0.0807168;0.127641;2.11017;0.054711;87.577;22.1155;248.176;73.0;1.0;0.0
2020-03-01 16:36:53;0.0797556;0.130031;1.76281;0.054711;87.3633;22.1127;231.052;74.0;1.0;0.0
2020-03-01 16:36:54;0.0792172;0.128483;1.81644;0.054711;87.6293;22.1218;232.53;73.9811;1.0;0.0
2020-03-01 16:36:55;0.0800192;0.12696;1.04114;-0.273216;87.426;22.1099;230.241;73.0;1.0;0.0
2020-03-01 16:36:56;0.0803603;0.127134;1.67966;-0.273216;87.3727;22.1022;218.755;73.0;1.0;0.0
2020-03-01 16:36:57;0.0790372;0.131845;1.25984;0.054711;87.6854;22.1084;238.782;73.0;1.0;0.0
2020-03-01 16:36:58;0.0801494;0.128999;0.835804;-0.273216;87.6363;22.1052;208.482;73.0192;1.0;0.0
2020-03-01 16:36:59;0.0807056;0.126798;2.25612;-0.273216;87.6746;22.1144;241.836;73.9811;1.0;0.0
2020-03-01 16:37:00;0.0801155;0.129061;1.70945;-0.273216;87.6695;22.1144;218.626;73.0192;1.0;0.0
2020-03-01 16:37:01;0.0797474;0.130352;1.98038;0.054711;87.4003;22.106;220.518;73.9808;1.0;0.0
2020-03-01 16:37:02;0.0791985;0.129803;2.17216;0.054711;87.567;22.1037;253.774;73.0194;1.0;0.0
2020-03-01 16:37:03;0.0804857;0.127288;1.9102;0.054711;87.5453;22.1172;226.63;73.9808;1.0;0.0
2020-03-01 16:37:04;0.0805538;0.127197;2.16838;0.054711;87.5787;22.1136;238.922;73.0;1.0;0.0
2020-03-01 16:37:05;0.0793911;0.131911;1.65778;0.054711;87.7768;22.107;229.107;73.0194;1.0;0.0
2020-03-01 16:37:06;0.0797934;0.131049;2.0896;-0.273216;87.62;22.1058;227.245;73.9808;1.0;0.0
2020-03-01 16:37:07;0.0803684;0.12919;1.07007;0.054711;87.6945;22.1087;224.418;73.0;1.0;0.0
2020-03-01 16:37:08;0.0805199;0.128721;2.26178;0.382638;87.7576;22.1017;251.881;73.0194;1.0;0.0
2020-03-01 16:37:09;0.0797454;0.13009;2.07869;0.382638;87.5639;22.0919;241.76;74.0;1.0;0.0
2020-03-01 16:37:10;0.0791055;0.13104;1.95102;0.054711;87.318;22.0919;230.754;73.9808;1.0;0.0
2020-03-01 16:37:11;0.0802978;0.127545;1.86859;-0.273216;87.7223;22.0938;231.383;73.0;1.0;0.0
2020-03-01 16:37:12;0.0800698;0.126548;1.75631;0.054711;87.2323;22.0997;226.743;73.0194;1.0;0.0
2020-03-01 16:37:14;0.0798531;0.130766;1.9228;0.054711;87.202;22.1076;232.6;74.0;1.0;0.0
2020-03-01 16:37:15;0.0800915;0.129076;1.76884;0.054711;87.2699;22.1068;234.718;74.0;1.0;0.0
2020-03-01 16:37:16;0.0805208;0.128696;1.93218;0.054711;87.2143;22.0961;233.02;73.9808;1.0;0.0
2020-03-01 16:37:17;0.0794731;0.129793;1.89211;0.054711;87.2026;22.0902;224.12;73.0194;1.0;0.0
2020-03-01 16:37:18;0.0792074;0.131366;1.77317;0.054711;87.1365;22.0902;231.566;74.0;1.0;0.0
2020-03-01 16:37:19;0.0801314;0.127574;1.74249;0.054711;87.3099;22.0902;232.036;73.9808;1.0;0.0
2020-03-01 16:37:20;0.0802651;0.127476;1.85966;-0.273216;87.2778;22.0933;216.271;73.0194;1.0;0.0
2020-03-01 16:37:21;0.0796572;0.13264;1.74411;0.054711;87.447;22.0909;229.06;74.0;1.0;0.0
2020-03-01 16:37:22;0.0795742;0.132063;1.96965;0.054711;87.2191;22.078;242.43;74.0;1.0;0.0
2020-03-01 16:37:23;0.0808398;0.128741;1.82455;0.054711;87.2516;22.0899;238.864;74.0;1.0;0.0
2020-03-01 16:37:24;0.0804079;0.12789;1.42101;0.054711;87.2192;22.0855;236.441;74.0;1.0;0.0
2020-03-01 16:37:25;0.0795595;0.132321;1.17436;0.054711;87.2983;22.0855;240.114;74.0;1.0;0.0
2020-03-01 16:37:26;0.0801149;0.129872;1.39952;0.054711;87.9951;22.0896;216.47;73.9808;1.0;0.0
2020-03-01 16:37:27;0.080308;0.127971;0.990502;-0.601143;87.2084;22.086;210.517;73.0194;1.0;0.0
2020-03-01 16:37:28;0.0803432;0.131202;0.759266;-0.601143;87.401;22.0772;206.4;74.0;1.0;0.0
2020-03-01 16:37:29;0.0792186;0.132139;1.81989;-0.601143;87.3159;22.0832;232.532;74.0;1.0;0.0
2020-03-01 16:37:30;0.0809248;0.130303;1.2669;-0.273216;87.3343;22.0785;223.853;74.0;1.0;0.0
2020-03-01 16:37:31;0.0803107;0.128749;1.66504;0.054711;87.3337;22.0731;228.29;73.9808;1.0;0.0
2020-03-01 16:37:32;0.0796795;0.132103;1.04061;0.054711;87.3944;22.0922;220.907;73.0194;1.0;0.0
2020-03-01 16:37:33;0.0796057;0.130123;1.85504;-0.273216;87.5941;22.0794;219.881;74.0;1.0;0.0
2020-03-01 16:37:34;0.0800359;0.127875;1.62196;-0.273216;87.3086;22.0794;231.176;74.0;1.0;0.0
2020-03-01 16:37:36;0.080467;0.131071;1.78714;0.054711;87.4443;22.0805;234.026;74.0;1.0;0.0
2020-03-01 16:37:37;0.0789846;0.134101;1.93959;-0.273216;87.3394;22.0866;235.441;74.0;1.0;0.0
2020-03-01 16:37:38;0.0803531;0.128452;1.67208;0.054711;87.2318;22.0883;230.884;73.9808;1.0;0.0
2020-03-01 16:37:39;0.0799245;0.132011;1.5556;-0.273216;87.1347;22.0848;218.412;73.0194;1.0;0.0
2020-03-01 16:37:40;0.0798016;0.132026;1.98401;0.054711;87.4559;22.0895;235.529;74.0;1.0;0.0
2020-03-01 16:37:41;0.0801952;0.128194;1.52417;-0.273216;87.4509;22.0833;235.262;73.9808;1.0;0.0
2020-03-01 16:37:42;0.0804939;0.131046;1.90344;-0.273216;87.4499;22.0925;224.634;73.0194;1.0;0.0
2020-03-01 16:37:43;0.0792294;0.133802;1.92266;-0.601143;87.5195;22.0905;223.701;74.0;1.0;0.0
2020-03-01 16:37:44;0.0809472;0.130931;1.86085;-0.601143;87.5166;22.0905;240.595;74.0;1.0;0.0
2020-03-01 16:37:45;0.079998;0.129134;1.24017;0.054711;87.3201;22.0919;234.639;74.0;1.0;0.0
2020-03-01 16:37:46;0.0802793;0.132246;2.05554;0.054711;87.2959;22.0961;224.903;74.0;1.0;0.0
2020-03-01 16:37:47;0.079969;0.131283;1.36868;0.054711;87.4588;22.105;241.833;74.0;1.0;0.0
2020-03-01 16:37:48;0.0805298;0.128457;1.21381;-0.273216;87.3705;22.0893;216.066;74.0;1.0;0.0
2020-03-01 16:37:49;0.079972;0.133005;1.4986;0.382638;87.3929;22.0954;229.321;74.0;1.0;0.0
2020-03-01 16:37:50;0.080073;0.134852;1.54203;0.054711;87.4528;22.088;228.185;74.0;1.0;0.0
2020-03-01 16:37:51;0.0804702;0.129435;1.9301;0.054711;87.5154;22.0928;223.24;74.0;1.0;0.0
2020-03-01 16:37:52;0.0802112;0.130941;1.38479;0.054711;87.4246;22.0928;219.918;74.0;1.0;0.0
2020-03-01 16:37:53;0.079327;0.132783;2.28842;-0.273216;87.3858;22.0993;252.276;74.0;1.0;0.0
2020-03-01 16:37:54;0.0804291;0.130811;1.60121;0.382638;87.4819;22.0918;230.269;74.0;1.0;0.0
2020-03-01 16:37:56;0.0807415;0.129193;2.06734;0.054711;87.5259;22.1033;229.541;74.0;1.0;0.0
2020-03-01 16:37:57;0.0811319;0.131362;2.2846;0.054711;87.4528;22.096;237.925;74.0194;1.0;0.0
2020-03-01 16:37:58;0.0800535;0.129516;1.52681;0.054711;87.551;22.0976;221.342;74.9808;1.0;0.0
2020-03-01 16:37:59;0.0802663;0.131469;2.12231;-0.273216;87.7814;22.0883;227.576;73.9808;1.0;0.0
2020-03-01 16:38:00;0.0795043;0.131316;1.76399;0.054711;87.4071;22.0882;252.29;73.0194;1.0;0.0
2020-03-01 16:38:01;0.080825;0.127477;1.82139;-0.273216;87.4231;22.0759;223.995;74.0;1.0;0.0
2020-03-01 16:38:02;0.0799356;0.132991;1.68762;-0.273216;87.3453;22.0872;234.293;74.0;1.0;0.0
2020-03-01 16:38:03;0.0805364;0.133621;1.10353;-0.273216;87.7295;22.0872;233.341;74.0;1.0;0.0
2020-03-01 16:38:04;0.0803378;0.129623;1.07716;-0.273216;88.0331;22.084;226.66;74.0;1.0;0.0
2020-03-01 16:38:05;0.0801344;0.128437;1.99889;-0.273216;87.4915;22.0846;230.693;74.0194;1.0;0.0
2020-03-01 16:38:06;0.0800304;0.133265;1.88526;-0.273216;88.0189;22.0765;237.745;74.9619;1.0;0.0
2020-03-01 16:38:07;0.0800703;0.130388;2.20968;0.054711;87.5335;22.09;249.474;73.0194;1.0;0.0
2020-03-01 16:38:08;0.0802895;0.126693;2.25864;0.382638;88.0462;22.0822;251.074;74.0;1.0;0.0
2020-03-01 16:38:09;0.0800696;0.132062;1.51598;0.054711;88.0307;22.0848;241.147;73.9808;1.0;0.0
2020-03-01 16:38:10;0.0799271;0.132189;1.43373;0.054711;88.0062;22.0848;210.779;73.0194;1.0;0.0
2020-03-01 16:38:11;0.0800136;0.129752;0.621512;0.382638;88.074;22.0787;207.989;74.0;1.0;0.0
2020-03-01 16:38:12;0.0801085;0.12881;2.01862;0.382638;88.1067;22.083;231.506;74.0;1.0;0.0
2020-03-01 16:38:13;0.0803509;0.131731;1.68871;0.054711;88.0461;22.0812;234.661;74.0;1.0;0.0
2020-03-01 16:38:14;0.0793101;0.131444;1.37662;0.054711;88.0918;22.0773;218.537;74.0;1.0;0.0
2020-03-01 16:38:16;0.0803915;0.127847;1.55281;0.054711;87.9591;22.089;251.876;73.9808;1.0;0.0
2020-03-01 16:38:17;0.0799451;0.133863;1.3213;0.054711;88.0539;22.0882;225.83;74.0;1.0;0.0
2020-03-01 16:38:18;0.0797493;0.130867;1.29189;-0.273216;87.9973;22.0817;230.86;74.0;1.0;0.0
2020-03-01 16:38:19;0.0804346;0.128035;0.636535;-0.273216;88.1316;22.0817;215.433;74.0;1.0;0.0
2020-03-01 16:38:20;0.0805547;0.131689;1.30194;0.054711;88.1479;22.0879;204.582;74.0;1.0;0.0
2020-03-01 16:38:21;0.0798233;0.132148;1.24849;0.054711;88.1838;22.0887;232.364;74.0;1.0;0.0
2020-03-01 16:38:22;0.080207;0.127858;1.7939;0.054711;87.784;22.0869;235.153;74.0;1.0;0.0
2020-03-01 16:38:23;0.08045;0.131801;1.72562;0.054711;88.0797;22.0873;247.695;74.0;1.0;0.0
2020-03-01 16:38:24;0.0798723;0.133423;1.13418;0.054711;88.2627;22.0849;219.616;74.0;1.0;0.0
2020-03-01 16:38:25;0.0804832;0.130832;1.47666;0.710565;88.0763;22.0875;221.228;73.9808;1.0;0.0
2020-03-01 16:38:26;0.0805649;0.128357;1.11878;-0.601143;88.0523;22.0875;224.91;73.0194;1.0;0.0
2020-03-01 16:38:27;0.0798768;0.134317;1.02448;-0.601143;88.1102;22.0875;220.628;74.0;1.0;0.0
2020-03-01 16:38:28;0.0802584;0.130461;1.88967;0.054711;87.8751;22.0941;247.863;74.0;1.0;0.0
2020-03-01 16:38:29;0.0803646;0.129215;1.10944;0.382638;88.3207;22.092;232.53;73.9808;1.0;0.0
2020-03-01 16:38:30;0.0801557;0.132236;1.2917;0.054711;88.1679;22.0827;234.393;73.0391;1.0;0.0
2020-03-01 16:38:31;0.0801272;0.133751;1.09449;0.382638;88.2671;22.0925;231.885;74.9808;1.0;0.0
2020-03-01 16:38:32;0.0809812;0.129395;0.722596;0.054711;88.1371;22.0902;210.541;74.0;1.0;0.0
2020-03-01 16:38:33;0.0803766;0.129737;1.07087;0.710565;88.3525;22.0786;233.745;74.0194;1.0;0.0
2020-03-01 16:38:34;0.0796366;0.13313;1.06389;-0.273216;88.1327;22.0823;239.016;74.9619;1.0;0.0
2020-03-01 16:38:35;0.0801603;0.130116;1.80928;0.054711;88.176;22.0798;207.6;73.0194;1.0;0.0
2020-03-01 16:38:36;0.0809208;0.130131;1.70693;0.054711;88.3247;22.0885;230.238;74.0;1.0;0.0
2020-03-01 16:38:37;0.0797205;0.135113;1.19123;0.054711;88.1935;22.0885;231.681;74.0;1.0;0.0
2020-03-01 16:38:38;0.080338;0.131027;1.88706;0.054711;88.4619;22.0804;242.598;74.0;1.0;0.0
2020-03-01 16:38:40;0.0803967;0.129215;1.5812;0.382638;88.3407;22.0817;228.942;73.9808;1.0;0.0
2020-03-01 16:38:41;0.0798527;0.135175;0.923105;0.054711;88.3892;22.0831;219.034;73.0;1.0;0.0
2020-03-01 16:38:42;0.0808293;0.12993;1.51205;0.054711;88.2768;22.0783;238.339;74.9619;1.0;0.0
2020-03-01 16:38:43;0.0799493;0.131834;1.97958;0.054711;88.4514;22.0776;234.17;73.0194;1.0;0.0
2020-03-01 16:38:44;0.0806224;0.134823;1.84456;-0.273216;88.3685;22.0882;224.913;74.0;1.0;0.0
2020-03-01 16:38:45;0.0805303;0.128731;1.65822;0.054711;88.1879;22.0809;230.379;74.0;1.0;0.0
2020-03-01 16:38:46;0.0804859;0.130887;0.973112;0.054711;88.3771;22.0809;223.496;73.9808;1.0;0.0
2020-03-01 16:38:47;0.0797069;0.133742;1.78354;-0.273216;88.4777;22.093;239.201;73.0194;1.0;0.0
2020-03-01 16:38:48;0.0804198;0.128868;1.72372;-0.273216;88.3836;22.0848;229.645;74.0;1.0;0.0
2020-03-01 16:38:49;0.0807361;0.129838;1.77931;0.054711;88.1905;22.0895;240.88;74.0;1.0;0.0
2020-03-01 16:38:50;0.0795431;0.134317;2.09994;-0.273216;88.2131;22.0874;240.538;74.0;1.0;0.0
2020-03-01 16:38:51;0.0802443;0.131434;1.98863;-0.273216;88.262;22.0844;226.457;73.9808;1.0;0.0
2020-03-01 16:38:52;0.0806195;0.128847;1.62463;-0.273216;87.711;22.0828;215.901;73.0194;1.0;0.0
2020-03-01 16:38:53;0.0800976;0.133088;1.28742;-0.601143;88.3011;22.0809;229.588;73.9808;1.0;0.0
2020-03-01 16:38:54;0.0797714;0.132499;1.77284;-0.273216;87.9839;22.0838;212.407;73.0194;1.0;0.0
2020-03-01 16:38:55;0.0807882;0.129394;1.74345;-0.273216;88.1656;22.0838;218.551;73.9808;1.0;0.0
2020-03-01 16:38:56;0.0803782;0.130634;1.52922;0.054711;88.4538;22.086;227.47;73.0194;1.0;0.0
2020-03-01 16:38:57;0.0794535;0.135746;1.71463;0.054711;87.6137;22.0986;229.895;74.0;1.0;0.0
2020-03-01 16:38:58;0.0808313;0.130325;1.74588;-0.273216;88.056;22.0851;228.999;73.9808;1.0;0.0
2020-03-01 16:39:00;0.0804407;0.129345;1.55408;-0.273216;88.2381;22.0907;230.988;73.0194;1.0;0.0
2020-03-01 16:39:01;0.0799966;0.13102;1.94944;0.054711;87.9367;22.0909;230.817;74.0;1.0;0.0
2020-03-01 16:39:02;0.0815836;0.129708;1.81688;0.054711;88.075;22.1009;236.211;74.0;1.0;0.0
2020-03-01 16:39:03;0.079566;0.133454;1.22619;0.054711;87.8274;22.1009;232.487;73.9808;1.0;0.0
2020-03-01 16:39:04;0.0803064;0.133541;2.25048;0.054711;87.9425;22.0864;253.833;73.0194;1.0;0.0
2020-03-01 16:39:05;0.0804287;0.128471;1.75268;0.382638;87.8338;22.1031;227.344;74.0;1.0;0.0
2020-03-01 16:39:06;0.0804723;0.133273;1.16071;0.382638;87.8045;22.0961;219.459;74.0;1.0;0.0
2020-03-01 16:39:07;0.0801992;0.13271;1.09868;0.054711;87.8279;22.0933;224.006;74.0;1.0;0.0
2020-03-01 16:39:08;0.0813631;0.129139;1.31491;-0.601143;87.9541;22.1072;252.362;74.0194;1.0;0.0
2020-03-01 16:39:09;0.0800496;0.132646;1.00661;0.054711;87.7827;22.0964;220.343;74.9808;1.0;0.0
2020-03-01 16:39:10;0.0802102;0.1356;1.97962;-0.273216;87.9417;22.1092;231.72;73.9808;1.0;0.0
2020-03-01 16:39:11;0.0805325;0.129346;1.07757;-0.273216;87.8675;22.1092;207.885;73.0194;1.0;0.0
2020-03-01 16:39:12;0.0809111;0.132488;0.995059;-0.273216;87.7671;22.1004;229.771;74.0;1.0;0.0
2020-03-01 16:39:13;0.0796169;0.133784;1.01846;-0.273216;87.9109;22.102;223.029;74.0;1.0;0.0
2020-03-01 16:39:14;0.0814735;0.129559;2.01471;0.382638;87.8668;22.1008;239.465;74.0;1.0;0.0
2020-03-01 16:39:15;0.079892;0.132951;0.93877;-0.601143;87.8987;22.1071;213.777;74.0;1.0;0.0
2020-03-01 16:39:16;0.0806384;0.134143;1.09261;-0.273216;88.0211;22.1079;232.52;74.0;1.0;0.0
2020-03-01 16:39:17;0.0807374;0.129644;0.95094;-0.273216;87.9624;22.1046;224.217;74.0;1.0;0.0
2020-03-01 16:39:18;0.0809534;0.129372;1.18512;-0.273216;87.9657;22.1082;245.284;74.0;1.0;0.0
2020-03-01 16:39:19;0.0796476;0.134286;1.78458;-0.273216;88.0188;22.1172;235.213;74.0;1.0;0.0
2020-03-01 16:39:21;0.0816949;0.129775;1.93724;-0.273216;88.0209;22.1172;226.342;74.0;1.0;0.0
2020-03-01 16:39:22;0.0801899;0.132537;1.63493;0.382638;87.8574;22.109;235.783;73.9808;1.0;0.0
2020-03-01 16:39:23;0.080437;0.130597;1.73666;0.382638;88.0017;22.1067;240.685;73.9808;1.0;0.0
2020-03-01 16:39:24;0.0814862;0.12963;0.744966;0.054711;88.0039;22.1068;206.486;73.0194;1.0;0.0
2020-03-01 16:39:25;0.0797406;0.135416;1.11907;0.054711;87.9459;22.1092;228.034;73.9808;1.0;0.0
2020-03-01 16:39:26;0.0818988;0.129219;1.68729;-0.273216;88.0253;22.1127;242.499;73.0194;1.0;0.0
2020-03-01 16:39:27;0.0805958;0.132557;1.5484;-0.273216;88.0108;22.1127;233.516;74.0;1.0;0.0
2020-03-01 16:39:28;0.080879;0.134881;1.72329;0.382638;87.9626;22.1;232.163;74.0;1.0;0.0
2020-03-01 16:39:29;0.080364;0.130469;1.55915;-0.273216;88.1275;22.1126;227.449;74.0;1.0;0.0
2020-03-01 16:39:30;0.0808679;0.129899;1.09298;0.382638;87.9542;22.1065;224.074;73.9808;1.0;0.0
2020-03-01 16:39:31;0.0796873;0.135058;1.40457;0.054711;87.825;22.1075;221.682;73.0194;1.0;0.0
2020-03-01 16:39:32;0.0811894;0.129994;1.6648;0.054711;88.1088;22.0985;239.863;74.0;1.0;0.0
2020-03-01 16:39:33;0.080408;0.131998;1.68748;0.054711;88.0279;22.1064;231.11;74.0;1.0;0.0
2020-03-01 16:39:34;0.0795327;0.133748;2.1202;0.054711;88.0126;22.1156;245.712;74.0;1.0;0.0
2020-03-01 16:39:35;0.0805599;0.127573;2.30349;0.054711;87.7614;22.1041;248.725;73.9808;1.0;0.0
2020-03-01 16:39:36;0.0800551;0.132383;1.33335;0.054711;87.8422;22.1041;238.823;73.0194;1.0;0.0
2020-03-01 16:39:37;0.0798235;0.132195;1.87991;0.054711;87.9501;22.1077;238.221;74.0194;1.0;0.0
2020-03-01 16:39:38;0.0809103;0.130664;1.35898;0.054711;87.962;22.0959;212.54;74.9808;1.0;0.0
2020-03-01 16:39:39;0.0798926;0.131775;1.55659;0.054711;88.0014;22.1094;228.059;74.0194;1.0;0.0
2020-03-01 16:39:41;0.0789773;0.133538;0.801226;0.054711;87.9763;22.114;222.638;74.9619;1.0;0.0
2020-03-01 16:39:42;0.0803599;0.127896;2.01141;-0.273216;87.9217;22.1127;234.709;73.0194;1.0;0.0
2020-03-01 16:39:43;0.0797725;0.131718;1.39003;-0.273216;88.2194;22.1095;231.006;73.0194;1.0;0.0
2020-03-01 16:39:44;0.0810259;0.129559;1.39978;-0.273216;87.9873;22.1007;224.061;74.0;1.0;0.0
2020-03-01 16:39:45;0.079307;0.133384;1.42123;-0.273216;87.917;22.1007;225.81;74.0;1.0;0.0
2020-03-01 16:39:46;0.0801613;0.131221;1.1109;-0.273216;87.9006;22.1181;234.76;73.9808;1.0;0.0
2020-03-01 16:39:47;0.0809707;0.130154;1.62758;0.054711;87.9614;22.1168;243.307;73.0194;1.0;0.0
2020-03-01 16:39:48;0.0798958;0.134559;1.66879;0.054711;88.0002;22.1162;219.693;73.9808;1.0;0.0
2020-03-01 16:39:49;0.081344;0.132034;1.67024;0.054711;87.8572;22.1192;230.952;73.0194;1.0;0.0
2020-03-01 16:39:50;0.0812217;0.130598;1.68468;-0.273216;87.8729;22.1179;213.609;74.0;1.0;0.0
2020-03-01 16:39:51;0.0798888;0.135929;1.85564;0.054711;88.0219;22.1194;222.856;74.0;1.0;0.0
2020-03-01 16:39:52;0.0803122;0.130369;1.96378;0.054711;88.0717;22.1231;230.739;73.9808;1.0;1.0
2020-03-01 16:39:53;0.0812318;0.130007;1.82215;0.054711;87.9717;22.1231;218.948;73.0194;1.0;0.0
2020-03-01 16:39:54;0.0797743;0.135726;1.86735;0.054711;87.9791;22.1213;225.086;74.0;1.0;0.0
2020-03-01 16:39:55;0.0820189;0.131417;2.14565;-0.273216;88.024;22.1184;237.338;74.0;1.0;0.0
2020-03-01 16:39:56;0.0803336;0.132954;1.89978;0.382638;88.0728;22.1189;208.56;74.0;1.0;0.0
2020-03-01 16:39:57;0.0805545;0.133519;1.1463;-0.273216;88.2983;22.1173;205.828;73.9808;1.0;0.0
2020-03-01 16:39:58;0.0806758;0.130336;1.90915;-0.273216;88.2116;22.1293;230.962;73.0194;1.0;0.0
2020-03-01 16:39:59;0.0808632;0.132155;2.00075;0.054711;88.3852;22.1327;242.328;74.0194;1.0;0.0
2020-03-01 16:40:00;0.0801111;0.134237;1.23266;0.054711;88.5848;22.1347;244.645;74.9808;1.0;0.0
2020-03-01 16:40:01;0.0815099;0.13099;1.76082;0.054711;88.3945;22.1347;228.341;74.0194;1.0;0.0
2020-03-01 16:40:02;0.0803241;0.131939;1.86652;0.382638;88.5375;22.1244;242.236;74.9808;1.0;0.0
2020-03-01 16:40:03;0.079557;0.132894;1.96456;0.054711;88.4014;22.1256;231.322;74.0194;1.0;0.0
2020-03-01 16:40:05;0.0809161;0.127842;1.88723;-0.273216;88.5356;22.1241;244.161;75.0194;1.0;0.0
2020-03-01 16:40:06;0.0807302;0.131304;1.77921;0.710565;88.4886;22.1262;224.606;75.0;1.0;0.0
2020-03-01 16:40:07;0.0809309;0.128999;1.88058;-0.273216;88.2788;22.1181;226.233;75.0194;1.0;0.0
2020-03-01 16:40:08;0.080297;0.132756;1.71968;-0.601143;88.491;22.1205;232.53;75.9808;1.0;0.0
2020-03-01 16:40:09;0.0801935;0.131426;1.78971;-0.601143;88.5023;22.1205;241.706;75.0194;1.0;0.0
2020-03-01 16:40:10;0.0815452;0.128649;1.63703;0.054711;88.4369;22.1169;237.746;76.0;1.0;0.0
2020-03-01 16:40:11;0.0798908;0.136179;1.6364;0.054711;88.7975;22.1221;230.987;76.0;1.0;0.0
2020-03-01 16:40:12;0.0805976;0.132876;1.59118;0.382638;88.3572;22.1161;236.383;76.0;1.0;0.0
2020-03-01 16:40:13;0.0813896;0.12916;1.56264;0.054711;88.5503;22.116;229.333;76.0;1.0;0.0
2020-03-01 16:40:14;0.0795339;0.134012;1.51447;0.054711;88.4784;22.1182;235.552;76.0;1.0;0.0
2020-03-01 16:40:15;0.080572;0.130304;1.76748;0.054711;88.5273;22.112;238.766;76.0;1.0;0.0
2020-03-01 16:40:16;0.0809093;0.129519;1.32177;-0.273216;88.4612;22.1264;220.466;76.0;1.0;0.0
2020-03-01 16:40:17;0.0799771;0.133546;1.29595;-0.273216;88.3463;22.1264;234.484;76.0194;1.0;0.0
2020-03-01 16:40:18;0.0807173;0.13194;1.96602;0.054711;88.4935;22.1083;230.425;76.9808;1.0;0.0
2020-03-01 16:40:19;0.0815105;0.129146;1.82368;0.054711;88.472;22.1146;237.407;76.0;1.0;0.0
2020-03-01 16:40:20;0.0801604;0.133198;1.3747;0.054711;88.4269;22.1099;232.252;76.0;1.0;0.0
2020-03-01 16:40:21;0.0803145;0.130106;1.41772;0.054711;88.5313;22.1082;232.826;76.0;1.0;0.0
2020-03-01 16:40:22;0.0810541;0.12867;1.36;-0.273216;88.3745;22.115;252.439;76.0;1.0;0.0
2020-03-01 16:40:23;0.0800766;0.134457;1.91343;0.054711;88.6602;22.12;229.417;76.0;1.0;0.0
2020-03-01 16:40:24;0.0804445;0.132592;1.45301;0.054711;88.633;22.12;236.659;76.0;1.0;0.0
2020-03-01 16:40:25;0.0812264;0.129772;0.986413;0.054711;88.4162;22.1175;217.987;76.0;1.0;0.0
2020-03-01 16:40:27;0.0798986;0.130538;1.78727;-0.273216;88.5295;22.1127;240.829;76.0;1.0;0.0
2020-03-01 16:40:28;0.0807567;0.128093;1.09713;-0.601143;88.6222;22.1274;227.743;76.0;1.0;0.0
2020-03-01 16:40:29;0.080049;0.132241;1.23598;0.054711;88.5268;22.1143;251.099;76.0;1.0;0.0
2020-03-01 16:40:30;0.0801691;0.13293;1.61099;0.054711;88.5658;22.1167;244.599;76.0;1.0;0.0
2020-03-01 16:40:31;0.0810114;0.129584;1.62426;0.054711;88.3979;22.1285;234.707;76.0;1.0;0.0
2020-03-01 16:40:32;0.0801502;0.129391;1.04401;-0.273216;88.5708;22.121;234.281;76.0;1.0;0.0
2020-03-01 16:40:33;0.0791886;0.131496;1.69106;0.054711;88.5139;22.1307;237.857;76.0;1.0;0.0
2020-03-01 16:40:34;0.0806515;0.128714;1.60193;0.054711;88.5331;22.1307;230.672;76.0194;1.0;0.0
2020-03-01 16:40:35;0.0803859;0.128485;2.20264;0.054711;88.5479;22.1255;241.094;76.9808;1.0;0.0
2020-03-01 16:40:36;0.0791368;0.132538;1.17699;0.382638;88.643;22.1301;229.192;76.0194;1.0;0.0
2020-03-01 16:40:37;0.0804393;0.131043;1.95732;0.382638;88.7017;22.1242;230.563;76.9808;1.0;0.0
2020-03-01 16:40:38;0.080673;0.127799;1.30118;0.054711;88.4294;22.1267;234.899;76.0;1.0;0.0
2020-03-01 16:40:39;0.0795764;0.131731;1.47447;0.054711;88.6667;22.1292;219.556;76.0194;1.0;0.0
2020-03-01 16:40:40;0.079687;0.129589;2.06393;0.054711;88.6217;22.1347;237.797;76.9808;1.0;0.0
2020-03-01 16:40:41;0.0802364;0.127599;1.70988;0.054711;88.8729;22.1233;224.081;76.0;1.0;0.0
2020-03-01 16:40:42;0.0801277;0.130639;2.22816;-0.601143;88.7201;22.1329;213.67;76.0;1.0;0.0
2020-03-01 16:40:43;0.0792303;0.133332;1.64194;-0.601143;88.7317;22.1329;231.076;76.0;1.0;0.0
2020-03-01 16:40:44;0.0808572;0.12929;1.71045;-0.273216;88.6518;22.1288;224.918;76.0;1.0;0.0
2020-03-01 16:40:46;0.0796418;0.127935;1.09366;-0.601143;88.6588;22.1259;231.639;76.0;1.0;0.0
2020-03-01 16:40:47;0.0795333;0.129813;1.68888;0.382638;88.8069;22.1322;224.621;76.0194;1.0;0.0
2020-03-01 16:40:48;0.0803605;0.126871;2.15375;0.054711;88.7732;22.1356;234.187;76.9808;1.0;0.0
2020-03-01 16:40:49;0.0795532;0.131951;1.83725;-0.601143;88.4575;22.1431;235.367;76.0194;1.0;0.0
2020-03-01 16:40:50;0.0800273;0.132534;1.70829;0.054711;88.2621;22.1284;238.647;76.9808;1.0;0.0
2020-03-01 16:40:51;0.0801394;0.12897;2.16701;0.054711;88.8309;22.1432;247.699;76.0;1.0;0.0
2020-03-01 16:40:52;0.079998;0.127301;1.95223;0.054711;88.9509;22.1432;231.098;76.0;1.0;0.0
2020-03-01 16:40:53;0.079062;0.132348;1.87215;-0.273216;88.7925;22.1313;223.762;76.0194;0.0;1.0
2020-03-01 16:40:54;0.079734;0.128861;1.91082;0.054711;88.4738;22.1381;239.744;76.9619;0.0;0.0
2020-03-01 16:40:55;0.080064;0.127356;1.64413;0.054711;88.7371;22.1241;223.544;75.0391;0.0;0.0
2020-03-01 16:40:56;0.0796106;0.132681;1.6989;0.054711;88.6258;22.1198;230.157;76.9808;0.0;0.0
2020-03-01 16:40:57;0.0799219;0.134103;1.77916;-0.601143;88.7477;22.1286;242.751;76.0194;0.0;0.0
2020-03-01 16:40:58;0.0805446;0.128196;2.0054;-0.273216;88.7621;22.1213;229.077;76.9808;0.0;0.0
2020-03-01 16:40:59;0.0796927;0.130149;2.29403;-0.273216;88.6391;22.1213;215.031;76.0194;0.0;0.0
2020-03-01 16:41:00;0.0795523;0.13258;1.82981;-0.273216;88.3346;22.1236;216.228;76.9808;0.0;0.0
2020-03-01 16:41:01;0.0801038;0.129348;1.97459;0.382638;88.1916;22.1257;230.871;76.0194;0.0;0.0
2020-03-01 16:41:02;0.0802421;0.13135;1.32984;-0.601143;88.2909;22.1194;231.915;76.9808;0.0;0.0
2020-03-01 16:41:03;0.0797811;0.136263;1.21738;-0.273216;88.3211;22.1242;216.927;76.0194;0.0;0.0
2020-03-01 16:41:04;0.080101;0.129674;1.97009;0.382638;88.2763;22.1267;240.193;76.9808;0.0;0.0
2020-03-01 16:41:05;0.0801178;0.130232;1.17336;0.054711;88.201;22.1212;229.157;76.0;0.0;0.0
2020-03-01 16:41:07;0.0791338;0.133616;1.33908;0.054711;88.5611;22.1212;252.16;76.0194;0.0;0.0
2020-03-01 16:41:08;0.0794869;0.135637;1.86614;0.054711;88.3494;22.1203;232.799;76.0194;0.0;0.0
2020-03-01 16:41:09;0.0805518;0.134148;2.15554;0.382638;88.2328;22.1242;241.738;76.9808;0.0;0.0
2020-03-01 16:41:10;0.0802007;0.129824;1.62167;0.054711;88.7911;22.1213;238.217;76.0;0.0;0.0
2020-03-01 16:41:11;0.0801909;0.132434;0.959754;0.382638;88.2858;22.1167;221.049;76.0194;0.0;0.0
2020-03-01 16:41:12;0.0798453;0.131814;0.90868;-0.273216;88.2698;22.1176;214.972;76.9808;0.0;0.0
2020-03-01 16:41:13;0.0802261;0.130744;0.910227;0.054711;88.4851;22.1126;214.348;76.0194;0.0;0.0
2020-03-01 16:41:14;0.0800623;0.134202;1.86326;0.054711;88.3234;22.1264;223.969;76.9808;0.0;0.0
2020-03-01 16:41:15;0.0801738;0.132117;1.80828;0.054711;88.1856;22.1264;215.811;76.0194;0.0;0.0
2020-03-01 16:41:16;0.0802366;0.129202;1.9298;0.054711;88.6513;22.1155;220.712;76.9808;0.0;0.0
2020-03-01 16:41:17;0.0793767;0.136015;1.25926;0.382638;88.3746;22.1202;235.847;76.0;0.0;0.0
2020-03-01 16:41:18;0.0804479;0.129843;1.73583;0.382638;88.2485;22.119;224.578;76.0194;0.0;0.0
2020-03-01 16:41:19;0.0805916;0.132057;2.11632;0.054711;88.1829;22.1162;233.746;76.9808;0.0;0.0
2020-03-01 16:41:20;0.0799104;0.136168;1.8863;0.054711;88.4142;22.124;239.571;76.0194;0.0;0.0
2020-03-01 16:41:21;0.080998;0.131267;1.94942;0.054711;88.2807;22.1061;228.63;77.0;0.0;0.0
2020-03-01 16:41:22;0.0802996;0.131142;1.87523;-0.601143;88.293;22.122;240.405;76.9808;0.0;0.0
2020-03-01 16:41:23;0.0800415;0.133255;1.29992;-1.257;88.2181;22.1252;244.186;76.0194;0.0;0.0
2020-03-01 16:41:24;0.0805133;0.129623;1.862;-1.257;88.4572;22.1252;220.468;76.9808;0.0;0.0
2020-03-01 16:41:25;0.0804202;0.133996;1.68831;0.054711;88.7749;22.1255;235.308;76.0194;0.0;0.0
2020-03-01 16:41:26;0.0806701;0.134793;1.62664;-0.273216;88.4521;22.1194;225.789;77.0;0.0;0.0
2020-03-01 16:41:27;0.0807457;0.129372;1.69047;0.054711;88.9295;22.124;243.584;76.9808;0.0;0.0
2020-03-01 16:41:29;0.0803533;0.134956;0.589853;0.054711;88.2827;22.1283;228.996;76.0194;0.0;0.0
2020-03-01 16:41:30;0.0811268;0.131617;1.42619;0.382638;88.2666;22.1247;223.64;76.0194;0.0;0.0
2020-03-01 16:41:31;0.0801851;0.137197;1.75237;0.054711;88.2705;22.125;233.331;76.9808;0.0;0.0
2020-03-01 16:41:32;0.0814461;0.129983;2.03375;0.382638;88.4262;22.1155;221.756;76.0194;0.0;0.0
2020-03-01 16:41:33;0.0808379;0.133973;1.51011;0.054711;88.3349;22.1124;234.582;77.0;0.0;0.0
2020-03-01 16:41:34;0.0800467;0.134177;1.70024;-0.273216;88.2897;22.115;230.679;77.0;0.0;0.0
2020-03-01 16:41:35;0.0813198;0.129935;1.00979;-0.273216;88.4594;22.115;235.702;77.0;0.0;0.0
2020-03-01 16:41:36;0.0800092;0.138089;1.14723;0.382638;88.3329;22.1065;226.548;76.9808;0.0;0.0
2020-03-01 16:41:37;0.0811964;0.131113;1.35576;0.054711;88.2142;22.1183;251.946;76.0194;0.0;0.0
2020-03-01 16:41:38;0.0809729;0.131456;1.17751;0.054711;88.3244;22.1098;226.806;76.9808;0.0;0.0
2020-03-01 16:41:39;0.0800327;0.134783;1.16872;0.054711;88.3179;22.1125;227.395;76.0194;0.0;0.0
2020-03-01 16:41:40;0.0814514;0.130694;1.35827;0.054711;88.3114;22.1153;229.222;76.9808;0.0;0.0
2020-03-01 16:41:41;0.0801386;0.134495;1.16047;0.054711;88.4499;22.1031;230.936;76.0194;0.0;0.0
2020-03-01 16:41:42;0.0813632;0.133444;0.87222;0.054711;88.4097;22.1052;234.963;77.0;0.0;0.0
2020-03-01 16:41:43;0.0805321;0.131702;1.37073;0.054711;88.3088;22.1052;217.139;76.9808;0.0;0.0
2020-03-01 16:41:44;0.0799911;0.135173;1.08112;0.054711;88.3123;22.0982;227.38;76.0197;0.0;0.0
2020-03-01 16:41:45;0.0806576;0.130194;1.45265;0.054711;88.5831;22.1081;227.23;77.0;0.0;0.0
2020-03-01 16:41:46;0.0809635;0.132192;1.56412;0.710565;88.3677;22.1079;231.307;76.9806;0.0;0.0
2020-03-01 16:41:47;0.0799041;0.135653;1.18755;0.054711;88.3287;22.1164;204.822;76.0197;0.0;0.0
2020-03-01 16:41:48;0.0811155;0.129696;1.21445;0.054711;88.3343;22.091;224.34;76.9806;0.0;0.0
2020-03-01 16:41:50;0.0804497;0.133937;1.18329;0.382638;88.3641;22.0986;206.479;76.0;0.0;0.0
2020-03-01 16:41:51;0.0800275;0.129977;1.2008;0.054711;88.4459;22.0948;230.299;76.9806;0.0;0.0
2020-03-01 16:41:52;0.0797712;0.136918;1.19605;0.054711;88.3405;22.0926;212.496;76.0197;0.0;0.0
2020-03-01 16:41:53;0.0811291;0.130935;1.85078;0.054711;88.6636;22.0926;229.823;77.0;0.0;0.0
2020-03-01 16:41:54;0.0808853;0.131946;1.12425;-0.273216;88.1916;22.1002;222.811;77.0;0.0;0.0
2020-03-01 16:41:55;0.08035;0.134747;1.15853;-0.273216;88.124;22.0922;232.609;77.0;0.0;0.0
2020-03-01 16:41:56;0.081669;0.131583;1.95229;0.054711;88.2536;22.0997;230.551;77.0;0.0;0.0
2020-03-01 16:41:57;0.0800711;0.13579;2.02325;-0.601143;88.2979;22.0932;241.779;77.0;0.0;0.0
2020-03-01 16:41:58;0.0811672;0.132978;1.23329;0.382638;88.2773;22.1017;217.632;76.9806;0.0;0.0
2020-03-01 16:41:59;0.0808746;0.132442;2.25059;0.054711;88.3086;22.1035;245.548;76.0197;0.0;0.0
2020-03-01 16:42:00;0.0803082;0.135661;1.91816;0.054711;88.2137;22.1035;230.372;76.9806;0.0;0.0
2020-03-01 16:42:01;0.0817408;0.131739;1.05587;0.054711;88.242;22.0883;223.957;76.0197;0.0;0.0
2020-03-01 16:42:02;0.080279;0.135431;1.22612;0.054711;88.2821;22.1044;245.301;77.0;0.0;0.0
2020-03-01 16:42:03;0.0809517;0.132597;1.13591;0.382638;88.3053;22.1075;232.111;76.9806;0.0;0.0
2020-03-01 16:42:04;0.0809255;0.132177;1.21775;0.054711;88.1265;22.0956;219.637;76.0396;0.0;0.0
2020-03-01 16:42:05;0.080442;0.13487;1.54586;-0.273216;88.2395;22.1094;228.306;77.9806;0.0;0.0
2020-03-01 16:42:06;0.081872;0.129945;1.12719;0.054711;88.2331;22.1056;224.861;77.0;0.0;0.0
2020-03-01 16:42:07;0.0799717;0.135973;2.1517;0.054711;88.218;22.1014;241.136;77.0;0.0;0.0
2020-03-01 16:42:09;0.0815047;0.130935;2.0214;0.054711;88.0877;22.1123;238.648;77.0;0.0;0.0
2020-03-01 16:42:10;0.0803683;0.134238;1.75956;0.054711;88.2184;22.114;217.032;77.0;0.0;0.0
2020-03-01 16:42:11;0.0817075;0.130715;0.968597;0.054711;88.17;22.114;207.479;77.0;0.0;0.0
2020-03-01 16:42:12;0.0797156;0.136917;1.92693;-0.273216;88.278;22.0981;209.647;77.0;0.0;0.0
2020-03-01 16:42:13;0.0812274;0.130971;1.88735;0.382638;88.2337;22.1024;230.19;77.0;0.0;0.0
2020-03-01 16:42:14;0.0806383;0.133796;2.06042;0.054711;88.1896;22.1115;240.415;77.0;0.0;0.0
2020-03-01 16:42:15;0.0805913;0.13427;1.03179;-0.273216;88.109;22.1097;223.623;77.0;0.0;0.0
2020-03-01 16:42:16;0.0816015;0.130887;2.0882;0.054711;88.4399;22.1087;246.133;77.0;0.0;0.0
2020-03-01 16:42:17;0.0800633;0.137458;1.79231;0.054711;88.0255;22.1062;236.154;76.9806;0.0;0.0
2020-03-01 16:42:18;0.0811252;0.130225;1.95064;0.054711;88.5855;22.1062;251.472;76.0197;0.0;0.0
2020-03-01 16:42:19;0.080537;0.13334;1.93389;-0.273216;88.1775;22.1195;230.612;77.0;0.0;0.0
2020-03-01 16:42:20;0.0805434;0.133259;2.06415;0.054711;88.4308;22.1096;230.719;77.0;0.0;0.0
2020-03-01 16:42:21;0.0812608;0.130818;1.88929;0.054711;88.1456;22.1066;229.905;76.9806;0.0;0.0
2020-03-01 16:42:22;0.0798745;0.135353;1.30544;0.382638;88.3486;22.1083;253.879;76.0197;0.0;0.0
2020-03-01 16:42:23;0.0804788;0.130722;1.9736;0.054711;88.5783;22.111;234.811;77.0;0.0;0.0
2020-03-01 16:42:24;0.0808238;0.131267;1.26382;0.382638;88.4111;22.1087;245.292;76.9806;0.0;0.0
2020-03-01 16:42:25;0.0802931;0.134591;1.04275;-0.273216;88.4807;22.1137;231.047;76.0197;0.0;0.0
2020-03-01 16:42:26;0.0813244;0.131248;1.102;-0.273216;88.4703;22.1137;231.109;77.0;0.0;0.0
2020-03-01 16:42:27;0.0801619;0.133961;1.93961;0.054711;88.3505;22.1157;234.259;76.9806;0.0;0.0
2020-03-01 16:42:29;0.08045;0.133037;1.8084;0.054711;88.4357;22.1058;231.931;76.0197;0.0;0.0
2020-03-01 16:42:30;0.0799287;0.135646;1.02624;0.054711;88.5054;22.1163;208.196;76.0197;0.0;0.0
2020-03-01 16:42:31;0.0815976;0.131508;1.89846;-0.273216;88.4351;22.0999;238.166;77.0;0.0;0.0
2020-03-01 16:42:32;0.0805831;0.133495;1.03599;-0.601143;88.5918;22.1073;229.143;76.9806;0.0;0.0
2020-03-01 16:42:33;0.0806604;0.132765;1.31192;0.382638;88.5793;22.1147;224.04;76.0396;0.0;0.0
2020-03-01 16:42:34;0.081085;0.131237;1.81677;0.054711;88.4885;22.1002;235.36;77.9806;0.0;0.0
2020-03-01 16:42:35;0.0801243;0.136273;1.59831;0.710565;88.5059;22.1059;232.086;77.0;0.0;0.0
2020-03-01 16:42:36;0.0816264;0.133136;1.63718;0.710565;88.4502;22.1059;231.375;76.9806;0.0;0.0
2020-03-01 16:42:37;0.0803281;0.134622;1.1978;0.054711;88.2042;22.1058;221.762;76.0197;0.0;0.0
2020-03-01 16:42:38;0.0806188;0.132322;1.6636;0.054711;88.385;22.1099;227.305;77.0;0.0;0.0
2020-03-01 16:42:39;0.0806415;0.132171;1.10655;0.054711;88.6888;22.1119;236.411;77.0;0.0;0.0
2020-03-01 16:42:40;0.0803062;0.135983;1.24182;0.054711;88.5509;22.1039;254.128;77.0;0.0;0.0
2020-03-01 16:42:41;0.0818901;0.13239;0.888023;-0.273216;88.4424;22.1076;221.0;77.0197;0.0;0.0
2020-03-01 16:42:42;0.0803377;0.134497;1.79554;0.054711;88.5366;22.0909;229.622;77.9614;0.0;0.0
2020-03-01 16:42:43;0.0808589;0.132122;1.21551;0.054711;88.5314;22.089;252.336;76.0197;0.0;0.0
2020-03-01 16:42:44;0.0809184;0.130781;1.13107;0.054711;88.7007;22.089;232.671;77.0;0.0;0.0
2020-03-01 16:42:45;0.0800816;0.1358;1.02324;0.054711;88.6192;22.0883;231.712;76.9806;0.0;0.0
2020-03-01 16:42:46;0.0819217;0.131999;0.823991;0.054711;88.5339;22.086;209.536;76.0;0.0;0.0
2020-03-01 16:42:47;0.0802544;0.135039;1.08028;0.054711;88.4067;22.0964;231.542;76.0197;0.0;0.0
2020-03-01 16:42:48;0.0807206;0.131997;1.87293;0.054711;88.3416;22.092;205.952;77.0;0.0;0.0
2020-03-01 16:42:50;0.0806878;0.132184;1.79077;0.382638;88.6419;22.0889;238.424;77.0;0.0;0.0
2020-03-01 16:42:51;0.0802713;0.135021;0.897776;-0.273216;88.599;22.0941;223.653;76.9806;0.0;0.0
2020-03-01 16:42:52;0.0801483;0.136019;1.80739;-0.273216;88.534;22.0941;231.009;76.0197;0.0;0.0
2020-03-01 16:42:53;0.0809453;0.130682;1.02321;-0.601143;88.6127;22.1018;233.424;77.0;0.0;0.0
2020-03-01 16:42:54;0.0807348;0.133472;1.03427;0.382638;88.3905;22.0942;226.882;77.0;0.0;0.0
2020-03-01 16:42:55;0.0805184;0.134042;2.27495;0.382638;88.4172;22.0953;250.11;76.9806;0.0;0.0
2020-03-01 16:42:56;0.0820734;0.129747;2.05638;-0.92907;88.5288;22.0977;232.495;76.0197;0.0;0.0
2020-03-01 16:42:57;0.0797384;0.135805;1.04169;0.382638;88.5118;22.0986;227.24;77.0;0.0;0.0
2020-03-01 16:42:58;0.0812051;0.128794;1.82566;0.054711;88.5485;22.0874;227.142;77.0;0.0;0.0
2020-03-01 16:42:59;0.0807285;0.13328;0.858368;0.054711;88.5009;22.1046;206.085;77.0;0.0;0.0
2020-03-01 16:43:00;0.0806842;0.133702;1.04175;0.054711;88.5317;22.1046;226.723;76.9806;0.0;0.0
2020-03-01 16:43:01;0.0816776;0.129904;1.11683;0.054711;88.5684;22.0848;225.683;76.0;0.0;0.0
2020-03-01 16:43:02;0.0798304;0.1363;1.9306;0.054711;88.5055;22.0949;230.631;76.0197;0.0;0.0
2020-03-01 16:43:03;0.0811987;0.13051;1.92027;0.054711;88.4237;22.0934;232.806;77.0;0.0;0.0
2020-03-01 16:43:04;0.0811793;0.132367;1.8311;0.054711;88.5578;22.0785;233.057;77.0;0.0;0.0
2020-03-01 16:43:05;0.0802711;0.135042;1.89601;0.054711;88.4447;22.089;231.164;77.0;0.0;0.0
2020-03-01 16:43:06;0.0818861;0.130042;1.87839;-0.273216;88.503;22.0963;229.223;77.0;0.0;0.0
2020-03-01 16:43:07;0.0797012;0.136082;1.12727;0.382638;88.3516;22.0819;246.149;77.0;0.0;0.0
2020-03-01 16:43:08;0.0811129;0.129163;1.88853;0.382638;88.3514;22.0961;232.557;77.0;0.0;0.0
2020-03-01 16:43:09;0.0810315;0.132728;1.99059;0.054711;88.0523;22.0961;245.614;77.0197;0.0;0.0
2020-03-01 16:43:11;0.0816681;0.12945;1.70441;-0.273216;88.4723;22.0834;232.674;76.0197;0.0;0.0
2020-03-01 16:43:12;0.0802159;0.136365;1.00063;0.054711;87.8646;22.0843;222.684;76.9806;0.0;0.0
2020-03-01 16:43:13;0.0811274;0.129186;1.74704;0.382638;88.0023;22.0851;222.433;76.0197;0.0;0.0
2020-03-01 16:43:14;0.0805273;0.134906;1.84638;0.054711;88.3604;22.0905;228.742;77.0;0.0;0.0
2020-03-01 16:43:15;0.0813987;0.133163;1.13928;-0.601143;87.993;22.0898;230.078;77.0197;0.0;0.0
2020-03-01 16:43:16;0.0810016;0.130758;0.961328;0.054711;88.4255;22.0822;207.286;77.9806;0.0;0.0
2020-03-01 16:43:17;0.0803311;0.134143;2.05442;0.054711;88.0399;22.0822;236.033;77.0;0.0;0.0
2020-03-01 16:43:18;0.0811457;0.1288;2.01336;-0.601143;88.4514;22.0857;229.792;76.9806;0.0;0.0
2020-03-01 16:43:19;0.0803028;0.134931;2.1507;0.054711;87.6903;22.0775;249.319;76.0197;0.0;0.0
2020-03-01 16:43:20;0.0814722;0.132575;1.90526;-0.273216;88.065;22.0843;232.662;77.0197;0.0;0.0
2020-03-01 16:43:21;0.0806084;0.131612;1.75669;0.054711;88.1149;22.0818;232.19;77.9614;0.0;0.0
2020-03-01 16:43:22;0.0807993;0.133852;1.94769;0.054711;88.0506;22.088;230.665;76.0197;0.0;0.0
2020-03-01 16:43:23;0.0811005;0.128938;1.44306;0.054711;88.1523;22.0877;246.319;77.0;0.0;0.0
2020-03-01 16:43:24;0.0802198;0.13522;2.01627;0.054711;87.8339;22.0877;233.579;77.0;0.0;0.0
2020-03-01 16:43:25;0.0814701;0.131758;2.01065;0.054711;87.7548;22.0836;228.419;77.0;0.0;0.0
2020-03-01 16:43:26;0.080571;0.130972;1.80482;0.054711;87.8889;22.0833;234.507;76.9806;0.0;0.0
2020-03-01 16:43:27;0.0803553;0.13447;0.901984;0.054711;87.5428;22.0929;226.837;76.0197;0.0;0.0
2020-03-01 16:43:28;0.0812083;0.128858;1.24985;0.382638;87.7987;22.0761;228.742;77.0;0.0;0.0
2020-03-01 16:43:29;0.0800805;0.13547;1.67898;-0.273216;87.7338;22.0891;243.121;77.0;0.0;0.0
2020-03-01 16:43:30;0.0811866;0.133284;0.639435;-0.273216;88.0153;22.0817;217.787;77.0;0.0;0.0
2020-03-01 16:43:31;0.0813486;0.129673;2.01484;0.054711;87.7801;22.0823;237.137;76.9806;0.0;0.0
2020-03-01 16:43:33;0.0802526;0.133344;2.00737;0.054711;87.7291;22.0823;225.57;76.0197;0.0;0.0
2020-03-01 16:43:34;0.0811775;0.132066;1.38888;0.382638;87.7355;22.0943;207.142;76.0197;0.0;0.0
2020-03-01 16:43:35;0.0801043;0.134449;1.48613;0.054711;87.7069;22.0942;244.995;77.0;0.0;0.0
2020-03-01 16:43:36;0.0815018;0.131451;1.3852;-0.273216;87.5715;22.0907;245.235;77.0;0.0;0.0
2020-03-01 16:43:37;0.0804495;0.130875;1.27249;0.054711;87.7059;22.0858;246.825;76.9806;0.0;0.0
2020-03-01 16:43:38;0.0805814;0.131763;1.06396;0.710565;87.7196;22.0878;216.385;76.0396;0.0;0.0
2020-03-01 16:43:39;0.0809883;0.129993;1.10431;0.054711;87.7812;22.0892;228.937;77.9614;0.0;0.0
2020-03-01 16:43:40;0.0800867;0.134681;1.30411;0.054711;87.5538;22.0874;235.947;76.0197;0.0;0.0
2020-03-01 16:43:41;0.0816794;0.131979;1.74448;0.054711;88.2478;22.0874;207.326;77.0;0.0;0.0
2020-03-01 16:43:42;0.0807773;0.130467;1.63433;-0.273216;87.6897;22.094;232.334;77.0;0.0;0.0
2020-03-01 16:43:43;0.080457;0.133061;1.80247;0.054711;87.7049;22.0908;234.43;77.0;0.0;0.0
2020-03-01 16:43:44;0.0811837;0.128909;1.84087;0.054711;87.7612;22.0835;244.283;77.0;0.0;0.0
2020-03-01 16:43:45;0.0803181;0.134421;1.61569;0.382638;87.6554;22.0795;219.503;77.0;0.0;0.0
2020-03-01 16:43:46;0.081907;0.132379;1.69311;0.054711;87.7393;22.0906;230.341;77.0;0.0;0.0
2020-03-01 16:43:47;0.0804191;0.130295;0.968182;-0.273216;87.6581;22.0865;218.604;77.0;0.0;0.0
2020-03-01 16:43:48;0.0803294;0.132242;0.959734;-0.273216;87.7095;22.0865;223.286;76.9806;0.0;0.0
2020-03-01 16:43:49;0.0815445;0.12905;1.75311;0.382638;87.6641;22.0874;229.021;76.0396;0.0;0.0
2020-03-01 16:43:50;0.0801683;0.136154;1.78576;0.054711;87.6601;22.0828;243.815;77.9806;0.0;0.0
2020-03-01 16:43:51;0.0816924;0.131608;0.8758;0.054711;87.6908;22.0894;236.296;77.0;0.0;0.0
2020-03-01 16:43:52;0.0805175;0.131432;1.73536;-0.273216;87.5956;22.0856;237.374;77.0;0.0;0.0
2020-03-01 16:43:54;0.080156;0.133327;2.18972;0.382638;87.5483;22.0839;245.32;76.9806;0.0;0.0
2020-03-01 16:43:55;0.0799864;0.137287;1.67898;-0.273216;87.809;22.0847;231.669;77.0;0.0;0.0
2020-03-01 16:43:56;0.0814726;0.131053;1.06985;-0.273216;87.4204;22.0849;226.153;77.0;0.0;0.0
2020-03-01 16:43:57;0.0808296;0.131653;0.607355;0.382638;87.6346;22.0831;209.877;77.0;0.0;0.0
2020-03-01 16:43:58;0.0805428;0.132672;2.02728;0.382638;87.5414;22.0831;239.048;77.0;0.0;0.0
2020-03-01 16:43:59;0.0811004;0.129756;2.07013;0.382638;87.4446;22.0865;230.848;77.0;0.0;0.0
2020-03-01 16:44:00;0.0813249;0.136038;1.94797;0.054711;87.4725;22.0866;230.953;77.0;0.0;0.0
2020-03-01 16:44:01;0.0810421;0.130297;2.21897;0.382638;87.5435;22.0829;253.047;77.0197;0.0;0.0
2020-03-01 16:44:02;0.0800924;0.134482;1.33147;0.054711;87.446;22.0964;233.258;77.9806;0.0;0.0
2020-03-01 16:44:03;0.0814465;0.129882;1.99057;-0.273216;87.4462;22.1019;226.159;77.0197;0.0;0.0
2020-03-01 16:44:04;0.0804087;0.133352;2.06619;0.054711;87.5121;22.0993;228.597;77.9806;0.0;0.0
2020-03-01 16:44:05;0.081302;0.135131;1.72098;0.054711;87.5821;22.0863;204.303;77.0;0.0;0.0
2020-03-01 16:44:06;0.0811223;0.12968;1.52919;0.054711;87.6288;22.0863;224.975;77.0;0.0;0.0
2020-03-01 16:44:07;0.0798634;0.135675;1.43129;0.054711;87.5805;22.0958;233.333;77.0;0.0;0.0
2020-03-01 16:44:08;0.0815378;0.128282;1.8295;0.382638;87.4347;22.0897;223.194;76.9806;0.0;0.0
2020-03-01 16:44:09;0.0808423;0.135419;1.6517;0.054711;87.5753;22.1047;227.123;76.0197;0.0;0.0
2020-03-01 16:44:10;0.0813275;0.133846;1.41846;0.054711;87.6302;22.1001;231.337;77.0;0.0;0.0
2020-03-01 16:44:11;0.0812013;0.129545;1.85552;0.054711;87.3807;22.0958;220.189;77.0;0.0;0.0
2020-03-01 16:44:12;0.0802122;0.135273;1.73136;0.382638;87.7645;22.1054;235.88;77.0;0.0;0.0
2020-03-01 16:44:13;0.0813362;0.128833;1.97514;0.054711;87.5719;22.1017;231.035;77.0;0.0;0.0
2020-03-01 16:44:15;0.0808953;0.135485;1.91868;-0.273216;87.4151;22.0993;235.963;76.9806;0.0;0.0
2020-03-01 16:44:16;0.0809901;0.128327;2.0503;-0.273216;87.5887;22.1062;231.16;77.0;0.0;0.0
2020-03-01 16:44:17;0.080111;0.134538;1.75567;0.054711;87.6843;22.1062;219.004;77.0;0.0;0.0
2020-03-01 16:44:18;0.0809805;0.128973;2.03119;0.054711;87.9104;22.1122;234.969;76.9806;0.0;0.0
2020-03-01 16:44:19;0.0805518;0.134834;1.53339;0.710565;87.6546;22.1054;235.827;76.0;0.0;0.0
2020-03-01 16:44:20;0.0807664;0.134901;1.76404;-0.273216;87.9448;22.1067;253.662;76.0197;0.0;0.0
2020-03-01 16:44:21;0.0813353;0.128504;1.58537;0.054711;87.9933;22.1038;238.324;76.9806;0.0;0.0
2020-03-01 16:44:22;0.0803915;0.135156;1.43353;0.054711;87.9184;22.1066;223.113;76.0197;0.0;0.0
2020-03-01 16:44:23;0.0810274;0.128983;0.647419;0.054711;87.8859;22.1044;217.092;77.0;0.0;0.0
2020-03-01 16:44:24;0.0810077;0.133173;1.92601;0.054711;87.9265;22.1044;229.11;77.0;0.0;0.0
2020-03-01 16:44:25;0.0808668;0.134973;0.634184;0.054711;87.826;22.116;229.739;77.0;0.0;0.0
2020-03-01 16:44:26;0.0815414;0.12779;0.693744;0.382638;87.9138;22.0969;220.67;77.0;0.0;0.0
2020-03-01 16:44:27;0.0803886;0.135633;1.54941;0.054711;87.8876;22.1077;204.666;76.9806;0.0;0.0
2020-03-01 16:44:28;0.0809941;0.130476;1.00868;0.054711;87.8562;22.096;222.107;76.0197;0.0;0.0
2020-03-01 16:44:29;0.0808218;0.133315;0.620919;0.710565;87.875;22.1096;206.576;77.0;0.0;0.0
2020-03-01 16:44:30;0.0805852;0.135742;1.91795;0.054711;87.9958;22.112;236.66;77.0;0.0;0.0
2020-03-01 16:44:31;0.0813371;0.129878;1.68364;0.054711;88.0372;22.1074;242.906;77.0;0.0;0.0
2020-03-01 16:44:32;0.0802057;0.135537;2.20305;0.054711;88.0726;22.1074;237.4;77.0197;0.0;0.0
2020-03-01 16:44:33;0.0810199;0.129699;1.33407;0.054711;87.9652;22.1138;236.333;77.9806;0.0;0.0
2020-03-01 16:44:34;0.0809042;0.133986;0.620759;0.054711;87.8945;22.1117;207.845;77.0;0.0;0.0
2020-03-01 16:44:36;0.0809745;0.134102;1.31665;0.054711;87.8814;22.0994;228.944;77.0;0.0;0.0
2020-03-01 16:44:37;0.0812469;0.130579;0.773324;-0.273216;87.62;22.1077;210.038;76.9806;0.0;0.0
2020-03-01 16:44:38;0.0812299;0.130979;1.44482;0.054711;87.9699;22.113;205.503;77.0;0.0;0.0
2020-03-01 16:44:39;0.0805629;0.134181;1.17938;-0.273216;87.4936;22.1145;243.06;77.0;0.0;0.0
2020-03-01 16:44:40;0.0812979;0.13365;1.36645;0.054711;87.867;22.1046;228.752;76.9806;0.0;0.0
2020-03-01 16:44:41;0.0811267;0.130583;1.27875;0.054711;87.7764;22.1046;231.831;76.0396;0.0;0.0
2020-03-01 16:44:42;0.0801232;0.134371;1.37222;0.382638;87.8922;22.1111;231.362;77.9806;0.0;0.0
2020-03-01 16:44:43;0.0816578;0.13077;0.598223;0.054711;87.9129;22.1025;216.062;77.0;0.0;0.0
2020-03-01 16:44:44;0.0804961;0.134907;1.14827;0.054711;87.6912;22.1136;221.07;77.0;0.0;0.0
2020-03-01 16:44:45;0.0815401;0.132412;0.634092;-0.273216;88.0342;22.1079;206.108;77.0;0.0;0.0
2020-03-01 16:44:46;0.0808298;0.131651;1.76872;-0.273216;87.7901;22.1029;227.743;77.0;0.0;0.0
2020-03-01 16:44:47;0.0804423;0.133857;1.10112;0.054711;88.157;22.1211;225.36;77.0197;0.0;0.0
2020-03-01 16:44:48;0.0817011;0.129113;0.627781;-0.273216;87.9678;22.1038;225.016;77.9806;0.0;0.0
2020-03-01 16:44:49;0.0801519;0.135585;1.46385;-0.273216;88.1505;22.1038;243.473;77.0;0.0;0.0
2020-03-01 16:44:50;0.0814934;0.130826;1.5304;0.054711;88.0516;22.1157;234.712;77.0;0.0;0.0
2020-03-01 16:44:51;0.0806382;0.133032;2.20186;0.054711;88.1084;22.1142;235.308;77.0;0.0;0.0
2020-03-01 16:44:52;0.0806946;0.132752;1.20334;-0.273216;88.0383;22.1039;231.067;77.0;0.0;0.0
2020-03-01 16:44:53;0.0818952;0.129178;2.13101;0.054711;88.1178;22.1061;243.691;76.9806;0.0;0.0
2020-03-01 16:44:54;0.080116;0.13612;1.65342;0.054711;88.0245;22.1016;231.759;76.0197;0.0;0.0
2020-03-01 16:44:55;0.0816223;0.128695;1.98541;0.054711;88.016;22.1163;236.497;77.0197;0.0;0.0
2020-03-01 16:44:57;0.0803919;0.135643;1.2221;0.054711;87.4475;22.1163;234.146;78.0;0.0;0.0
2020-03-01 16:44:58;0.0809359;0.130076;1.71488;0.054711;88.0346;22.1176;234.524;76.0396;0.0;0.0
2020-03-01 16:44:59;0.0795106;0.132053;1.48739;0.054711;88.0236;22.1194;224.032;77.9614;0.0;0.0
2020-03-01 16:45:00;0.0804538;0.129062;1.5122;0.382638;87.7015;22.1232;222.252;76.0197;0.0;0.0
2020-03-01 16:45:01;0.0805255;0.127285;1.59687;0.054711;88.1644;22.1239;205.309;76.9806;0.0;0.0
2020-03-01 16:45:02;0.079841;0.132121;1.59758;-0.601143;87.7927;22.1294;229.936;76.0;0.0;0.0
2020-03-01 16:45:03;0.0800747;0.130957;1.61005;0.054711;87.668;22.1241;206.812;76.0197;0.0;0.0
2020-03-01 16:45:04;0.0816989;0.128896;2.18226;0.054711;88.0424;22.1241;250.979;77.0;0.0;0.0
2020-03-01 16:45:05;0.0797704;0.131529;1.89647;0.054711;87.4619;22.1333;227.513;76.9806;0.0;0.0
2020-03-01 16:45:06;0.0804875;0.131717;1.70456;0.054711;87.8631;22.1248;218.566;76.0197;0.0;0.0
2020-03-01 16:45:07;0.0807455;0.127544;1.97244;0.054711;87.7822;22.1248;236.036;76.9806;0.0;0.0
2020-03-01 16:45:08;0.0804921;0.133429;1.60149;0.382638;87.4842;22.1337;247.756;76.0197;0.0;0.0
2020-03-01 16:45:09;0.0803729;0.131593;1.79362;0.054711;87.551;22.1264;230.981;77.0;0.0;0.0
2020-03-01 16:45:10;0.0817732;0.128498;2.02576;0.054711;87.784;22.122;226.029;76.9806;0.0;0.0
2020-03-01 16:45:11;0.0796973;0.133227;1.34516;0.382638;87.5098;22.1237;223.804;76.0;0.0;0.0
2020-03-01 16:45:12;0.0807883;0.130295;1.75592;0.054711;87.7055;22.1301;228.633;76.0197;0.0;0.0
2020-03-01 16:45:13;0.0806599;0.128071;1.34503;0.054711;87.3657;22.1301;230.897;77.0;0.0;0.0
2020-03-01 16:45:14;0.0803757;0.133133;1.79975;0.382638;87.2504;22.1318;239.774;76.9806;0.0;0.0
2020-03-01 16:45:15;0.0803363;0.129908;1.32544;0.054711;87.3588;22.1261;228.142;76.0197;0.0;0.0
2020-03-01 16:45:17;0.0813003;0.127708;1.47709;-0.601143;87.8332;22.1305;227.094;76.9806;0.0;0.0
2020-03-01 16:45:18;0.08066;0.130053;1.34745;0.382638;87.3194;22.1261;217.661;76.9806;0.0;0.0
2020-03-01 16:45:19;0.0806423;0.127538;1.80348;-0.273216;87.275;22.1252;226.823;76.0197;0.0;0.0
2020-03-01 16:45:20;0.0803789;0.132717;2.27348;0.382638;87.1595;22.1198;253.778;77.0;0.0;0.0
2020-03-01 16:45:21;0.0803784;0.130006;1.37798;0.382638;87.3032;22.1198;232.863;76.9806;0.0;0.0
2020-03-01 16:45:22;0.0815623;0.128933;1.54867;0.382638;87.3552;22.1235;252.734;76.0;0.0;0.0
2020-03-01 16:45:23;0.0799473;0.132263;1.95961;-0.273216;87.3684;22.1224;230.653;76.0197;0.0;0.0
2020-03-01 16:45:24;0.080466;0.131154;1.35294;0.054711;87.2663;22.1208;223.569;77.0;0.0;0.0
2020-03-01 16:45:25;0.0805029;0.128553;0.640221;0.054711;87.3993;22.118;205.523;76.9806;0.0;0.0
2020-03-01 16:45:26;0.080606;0.132093;1.93366;0.054711;87.2226;22.1241;230.732;76.0197;0.0;0.0
2020-03-01 16:45:27;0.0802961;0.132326;1.31538;0.054711;87.3066;22.1392;227.186;76.9806;0.0;0.0
2020-03-01 16:45:28;0.0817104;0.128914;1.27488;-0.601143;87.2208;22.1326;228.002;76.0197;0.0;0.0
2020-03-01 16:45:29;0.0801921;0.13284;1.22118;-0.601143;87.2363;22.1326;231.273;77.0;0.0;0.0
2020-03-01 16:45:30;0.0804669;0.130502;1.14767;0.382638;87.0941;22.13;220.334;76.9806;0.0;0.0
2020-03-01 16:45:31;0.0807581;0.12849;1.24647;0.054711;87.203;22.1315;233.957;76.0197;0.0;0.0
2020-03-01 16:45:32;0.0802511;0.133317;1.81428;0.054711;87.2303;22.1424;231.513;77.0;0.0;0.0
2020-03-01 16:45:33;0.0814938;0.129887;1.58278;0.054711;87.4496;22.141;244.84;76.9806;0.0;0.0
2020-03-01 16:45:34;0.0810374;0.130374;1.85355;0.054711;87.2956;22.1432;233.661;76.0197;0.0;0.0
2020-03-01 16:45:35;0.0807892;0.13468;1.39222;0.054711;87.1323;22.1293;253.44;77.0;0.0;0.0
2020-03-01 16:45:36;0.0805671;0.128952;1.87102;0.054711;87.1557;22.1293;236.024;77.0;0.0;0.0
2020-03-01 16:45:37;0.0813505;0.130002;1.77175;0.054711;87.1366;22.1354;231.539;76.9806;0.0;0.0
2020-03-01 16:45:38;0.0801646;0.132863;1.94817;0.054711;87.2847;22.1435;240.382;76.0197;0.0;0.0
2020-03-01 16:45:40;0.0816674;0.129274;1.56118;-0.273216;87.2407;22.1358;234.136;77.0;0.0;0.0
2020-03-01 16:45:41;0.0804206;0.130992;1.7612;0.054711;87.2693;22.1367;221.946;77.0;0.0;0.0
2020-03-01 16:45:42;0.0811935;0.128956;1.96761;0.054711;87.201;22.1328;231.325;76.9806;0.0;0.0
2020-03-01 16:45:43;0.0798934;0.133616;0.652804;0.054711;87.1082;22.1379;204.875;76.0197;0.0;0.0
2020-03-01 16:45:44;0.0820878;0.128871;1.8999;-0.601143;87.2145;22.1373;224.892;76.9806;0.0;0.0
2020-03-01 16:45:45;0.0807305;0.132396;1.4418;0.054711;87.3287;22.1361;217.041;76.0197;0.0;0.0
2020-03-01 16:45:46;0.0804427;0.13349;1.676;0.054711;87.3425;22.1432;241.852;77.0;0.0;0.0
2020-03-01 16:45:47;0.0808162;0.127709;1.61457;0.054711;87.1087;22.1432;230.259;76.9806;0.0;0.0
2020-03-01 16:45:48;0.0806472;0.133734;1.25709;0.054711;87.1633;22.131;242.089;76.0197;0.0;0.0
2020-03-01 16:45:49;0.0807568;0.131641;1.14434;0.054711;86.9891;22.1364;230.59;76.9806;0.0;0.0
2020-03-01 16:45:50;0.0817216;0.129491;0.867914;0.054711;87.1169;22.135;220.353;76.0197;0.0;0.0
2020-03-01 16:45:51;0.0805338;0.133316;1.71882;0.054711;87.0177;22.151;237.294;77.0;0.0;0.0
2020-03-01 16:45:52;0.0801418;0.130728;1.89947;0.054711;87.0828;22.1378;227.273;77.0;0.0;0.0
2020-03-01 16:45:53;0.081566;0.128724;1.04742;0.054711;87.1275;22.14;228.507;77.0;0.0;0.0
2020-03-01 16:45:54;0.0795854;0.134796;1.65168;0.382638;87.5665;22.1358;239.893;76.9806;0.0;0.0
2020-03-01 16:45:55;0.0823057;0.130196;1.764;0.054711;87.0523;22.1404;217.975;76.0;0.0;0.0
2020-03-01 16:45:56;0.0808961;0.132475;1.51529;0.054711;87.0341;22.1278;229.374;76.0396;0.0;0.0
2020-03-01 16:45:58;0.0801015;0.133172;1.67618;0.054711;86.9523;22.1278;228.716;77.9614;0.0;0.0
2020-03-01 16:45:59;0.0804492;0.134546;1.61667;-0.273216;87.081;22.1354;230.064;76.9806;0.0;0.0
